[2026-10-10 10:36:29Z INFO HostContext] No proxy settings were found based on environmental variables (http_proxy/https_proxy/HTTP_PROXY/HTTPS_PROXY)
[2026-10-10 10:36:29Z INFO HostContext] Well known directory 'Bin': 'C:\Users\CarlosC\OneDrive - Cesur-GCoremsa\Prácticas Data Center\Tareas\04 Git\proyectoGit\actions-runner\bin'
[2026-10-10 10:36:29Z INFO HostContext] Well known directory 'Root': 'C:\Users\CarlosC\OneDrive - Cesur-GCoremsa\Prácticas Data Center\Tareas\04 Git\proyectoGit\actions-runner'
[2026-10-10 10:36:29Z INFO HostContext] Well known config file 'Credentials': 'C:\Users\CarlosC\OneDrive - Cesur-GCoremsa\Prácticas Data Center\Tareas\04 Git\proyectoGit\actions-runner\.credentials'
[2026-10-10 10:36:29Z INFO HostContext] Well known directory 'Bin': 'C:\Users\CarlosC\OneDrive - Cesur-GCoremsa\Prácticas Data Center\Tareas\04 Git\proyectoGit\actions-runner\bin'
[2026-10-10 10:36:29Z INFO HostContext] Well known directory 'Root': 'C:\Users\CarlosC\OneDrive - Cesur-GCoremsa\Prácticas Data Center\Tareas\04 Git\proyectoGit\actions-runner'
[2026-10-10 10:36:29Z INFO HostContext] Well known config file 'Runner': 'C:\Users\CarlosC\OneDrive - Cesur-GCoremsa\Prácticas Data Center\Tareas\04 Git\proyectoGit\actions-runner\.runner'
[2026-10-10 10:36:29Z INFO Listener] Runner is built for Windows (X64) - win-x64.
[2026-10-10 10:36:29Z INFO Listener] RuntimeInformation: Microsoft Windows 10.0.26300.
[2026-10-10 10:36:29Z INFO Listener] Version: 2.337.0
[2026-10-10 10:36:29Z INFO Listener] Commit: 397b032cbf865e9c3ddfab89d533ec19325e1273
[2026-10-10 10:36:29Z INFO Listener] Culture: es-ES
[2026-10-10 10:36:29Z INFO Listener] UI Culture: es-ES
[2026-10-10 10:36:29Z INFO HostContext] Well known directory 'Bin': 'C:\Users\CarlosC\OneDrive - Cesur-GCoremsa\Prácticas Data Center\Tareas\04 Git\proyectoGit\actions-runner\bin'
[2026-10-10 10:36:29Z INFO HostContext] Well known directory 'Root': 'C:\Users\CarlosC\OneDrive - Cesur-GCoremsa\Prácticas Data Center\Tareas\04 Git\proyectoGit\actions-runner'
[2026-10-10 10:36:29Z INFO Listener] Validating directory permissions for: 'C:\Users\CarlosC\OneDrive - Cesur-GCoremsa\Prácticas Data Center\Tareas\04 Git\proyectoGit\actions-runner'
[2026-10-10 10:36:29Z INFO CommandLineParser] Parse
[2026-10-10 10:36:29Z INFO CommandLineParser] Parsing 1 args
[2026-10-10 10:36:29Z INFO CommandLineParser] parsing argument
[2026-10-10 10:36:29Z INFO CommandLineParser] HasArgs: False
[2026-10-10 10:36:29Z INFO CommandLineParser] Adding Command: run
[2026-10-10 10:36:29Z INFO Listener] Arguments parsed
[2026-10-10 10:36:29Z INFO Runner] ExecuteCommand
[2026-10-10 10:36:29Z INFO ConfigurationStore] currentAssemblyLocation: C:\Users\CarlosC\OneDrive - Cesur-GCoremsa\Prácticas Data Center\Tareas\04 Git\proyectoGit\actions-runner\bin\Runner.Listener.dll
[2026-10-10 10:36:29Z INFO HostContext] Well known directory 'Bin': 'C:\Users\CarlosC\OneDrive - Cesur-GCoremsa\Prácticas Data Center\Tareas\04 Git\proyectoGit\actions-runner\bin'
[2026-10-10 10:36:29Z INFO ConfigurationStore] binPath: C:\Users\CarlosC\OneDrive - Cesur-GCoremsa\Prácticas Data Center\Tareas\04 Git\proyectoGit\actions-runner\bin
[2026-10-10 10:36:29Z INFO HostContext] Well known directory 'Bin': 'C:\Users\CarlosC\OneDrive - Cesur-GCoremsa\Prácticas Data Center\Tareas\04 Git\proyectoGit\actions-runner\bin'
[2026-10-10 10:36:29Z INFO HostContext] Well known directory 'Root': 'C:\Users\CarlosC\OneDrive - Cesur-GCoremsa\Prácticas Data Center\Tareas\04 Git\proyectoGit\actions-runner'
[2026-10-10 10:36:29Z INFO ConfigurationStore] RootFolder: C:\Users\CarlosC\OneDrive - Cesur-GCoremsa\Prácticas Data Center\Tareas\04 Git\proyectoGit\actions-runner
[2026-10-10 10:36:29Z INFO HostContext] Well known directory 'Bin': 'C:\Users\CarlosC\OneDrive - Cesur-GCoremsa\Prácticas Data Center\Tareas\04 Git\proyectoGit\actions-runner\bin'
[2026-10-10 10:36:29Z INFO HostContext] Well known directory 'Root': 'C:\Users\CarlosC\OneDrive - Cesur-GCoremsa\Prácticas Data Center\Tareas\04 Git\proyectoGit\actions-runner'
[2026-10-10 10:36:29Z INFO HostContext] Well known config file 'Runner': 'C:\Users\CarlosC\OneDrive - Cesur-GCoremsa\Prácticas Data Center\Tareas\04 Git\proyectoGit\actions-runner\.runner'
[2026-10-10 10:36:29Z INFO ConfigurationStore] ConfigFilePath: C:\Users\CarlosC\OneDrive - Cesur-GCoremsa\Prácticas Data Center\Tareas\04 Git\proyectoGit\actions-runner\.runner
[2026-10-10 10:36:29Z INFO HostContext] Well known directory 'Bin': 'C:\Users\CarlosC\OneDrive - Cesur-GCoremsa\Prácticas Data Center\Tareas\04 Git\proyectoGit\actions-runner\bin'
[2026-10-10 10:36:29Z INFO HostContext] Well known directory 'Root': 'C:\Users\CarlosC\OneDrive - Cesur-GCoremsa\Prácticas Data Center\Tareas\04 Git\proyectoGit\actions-runner'
[2026-10-10 10:36:29Z INFO HostContext] Well known config file 'MigratedRunner': 'C:\Users\CarlosC\OneDrive - Cesur-GCoremsa\Prácticas Data Center\Tareas\04 Git\proyectoGit\actions-runner\.runner_migrated'
[2026-10-10 10:36:29Z INFO ConfigurationStore] MigratedConfigFilePath: C:\Users\CarlosC\OneDrive - Cesur-GCoremsa\Prácticas Data Center\Tareas\04 Git\proyectoGit\actions-runner\.runner_migrated
[2026-10-10 10:36:29Z INFO HostContext] Well known directory 'Bin': 'C:\Users\CarlosC\OneDrive - Cesur-GCoremsa\Prácticas Data Center\Tareas\04 Git\proyectoGit\actions-runner\bin'
[2026-10-10 10:36:29Z INFO HostContext] Well known directory 'Root': 'C:\Users\CarlosC\OneDrive - Cesur-GCoremsa\Prácticas Data Center\Tareas\04 Git\proyectoGit\actions-runner'
[2026-10-10 10:36:29Z INFO HostContext] Well known config file 'Credentials': 'C:\Users\CarlosC\OneDrive - Cesur-GCoremsa\Prácticas Data Center\Tareas\04 Git\proyectoGit\actions-runner\.credentials'
[2026-10-10 10:36:29Z INFO ConfigurationStore] CredFilePath: C:\Users\CarlosC\OneDrive - Cesur-GCoremsa\Prácticas Data Center\Tareas\04 Git\proyectoGit\actions-runner\.credentials
[2026-10-10 10:36:29Z INFO HostContext] Well known directory 'Bin': 'C:\Users\CarlosC\OneDrive - Cesur-GCoremsa\Prácticas Data Center\Tareas\04 Git\proyectoGit\actions-runner\bin'
[2026-10-10 10:36:29Z INFO HostContext] Well known directory 'Root': 'C:\Users\CarlosC\OneDrive - Cesur-GCoremsa\Prácticas Data Center\Tareas\04 Git\proyectoGit\actions-runner'
[2026-10-10 10:36:29Z INFO HostContext] Well known config file 'MigratedCredentials': 'C:\Users\CarlosC\OneDrive - Cesur-GCoremsa\Prácticas Data Center\Tareas\04 Git\proyectoGit\actions-runner\.credentials_migrated'
[2026-10-10 10:36:29Z INFO ConfigurationStore] MigratedCredFilePath: C:\Users\CarlosC\OneDrive - Cesur-GCoremsa\Prácticas Data Center\Tareas\04 Git\proyectoGit\actions-runner\.credentials_migrated
[2026-10-10 10:36:29Z INFO HostContext] Well known directory 'Bin': 'C:\Users\CarlosC\OneDrive - Cesur-GCoremsa\Prácticas Data Center\Tareas\04 Git\proyectoGit\actions-runner\bin'
[2026-10-10 10:36:29Z INFO HostContext] Well known directory 'Root': 'C:\Users\CarlosC\OneDrive - Cesur-GCoremsa\Prácticas Data Center\Tareas\04 Git\proyectoGit\actions-runner'
[2026-10-10 10:36:29Z INFO HostContext] Well known config file 'Service': 'C:\Users\CarlosC\OneDrive - Cesur-GCoremsa\Prácticas Data Center\Tareas\04 Git\proyectoGit\actions-runner\.service'
[2026-10-10 10:36:29Z INFO ConfigurationStore] ServiceConfigFilePath: C:\Users\CarlosC\OneDrive - Cesur-GCoremsa\Prácticas Data Center\Tareas\04 Git\proyectoGit\actions-runner\.service
[2026-10-10 10:36:29Z INFO CommandSettings] Flag 'help': 'False'
[2026-10-10 10:36:29Z INFO CommandSettings] Flag 'version': 'False'
[2026-10-10 10:36:29Z INFO CommandSettings] Flag 'commit': 'False'
[2026-10-10 10:36:29Z INFO CommandSettings] Flag 'check': 'False'
[2026-10-10 10:36:29Z INFO CommandSettings] Command 'configure': 'False'
[2026-10-10 10:36:29Z INFO CommandSettings] Command 'remove': 'False'
[2026-10-10 10:36:29Z INFO CommandSettings] Command 'warmup': 'False'
[2026-10-10 10:36:29Z INFO ConfigurationManager] LoadSettings
[2026-10-10 10:36:29Z INFO ConfigurationStore] IsConfigured()
[2026-10-10 10:36:29Z INFO ConfigurationStore] IsConfigured: True
[2026-10-10 10:36:29Z INFO ConfigurationManager] Is configured: True
[2026-10-10 10:36:29Z INFO ConfigurationStore] Read setting file: 398 chars
[2026-10-10 10:36:29Z INFO ConfigurationManager] Settings Loaded
[2026-10-10 10:36:29Z INFO ConfigurationStore] IsServiceConfigured()
[2026-10-10 10:36:29Z INFO ConfigurationStore] IsServiceConfigured: False
[2026-10-10 10:36:29Z INFO CommandSettings] Command 'run': 'True'
[2026-10-10 10:36:29Z INFO ConfigurationStore] IsConfigured()
[2026-10-10 10:36:29Z INFO ConfigurationStore] IsConfigured: True
[2026-10-10 10:36:29Z INFO ConfigurationManager] Is configured: True
[2026-10-10 10:36:29Z INFO Runner] Could not parse the argument value '' for StartupType. Defaulting to Manual
[2026-10-10 10:36:29Z INFO Runner] Set runner startup type - Manual
[2026-10-10 10:36:29Z INFO CommandSettings] Flag 'once': 'False'
[2026-10-10 10:36:29Z INFO CommandSettings] Flag 'once': 'False'
[2026-10-10 10:36:29Z INFO Runner] RunAsync
[2026-10-10 10:36:29Z INFO HostContext] Well known directory 'Bin': 'C:\Users\CarlosC\OneDrive - Cesur-GCoremsa\Prácticas Data Center\Tareas\04 Git\proyectoGit\actions-runner\bin'
[2026-10-10 10:36:29Z INFO HostContext] Well known directory 'Root': 'C:\Users\CarlosC\OneDrive - Cesur-GCoremsa\Prácticas Data Center\Tareas\04 Git\proyectoGit\actions-runner'
[2026-10-10 10:36:29Z INFO HostContext] Well known directory 'Work': 'C:\Users\CarlosC\OneDrive - Cesur-GCoremsa\Prácticas Data Center\Tareas\04 Git\proyectoGit\actions-runner\_work'
[2026-10-10 10:36:29Z INFO Runner] Validating directory permissions for: 'C:\Users\CarlosC\OneDrive - Cesur-GCoremsa\Prácticas Data Center\Tareas\04 Git\proyectoGit\actions-runner\_work'
[2026-10-10 10:36:29Z INFO ConfigurationManager] LoadMigratedSettings
[2026-10-10 10:36:29Z INFO ConfigurationStore] IsMigratedConfigured()
[2026-10-10 10:36:29Z INFO ConfigurationStore] IsMigratedConfigured: False
[2026-10-10 10:36:29Z INFO Runner] Failed to load migrated settings: No migrated configuration found.
[2026-10-10 10:36:29Z INFO Runner] Falling back to original .runner settings
[2026-10-10 10:36:29Z INFO Runner] Using BrokerMessageListener
[2026-10-10 10:36:29Z INFO BrokerMessageListener] Using provided settings
[2026-10-10 10:36:29Z INFO BrokerMessageListener] {
  "AgentId": 2,
  "AgentName": "CARLTONPIEDRA",
  "PoolId": 1,
  "PoolName": "Default",
  "ServerUrl": "https://pipelinesghubeus6.actions.githubusercontent.com/CvnxluUQKJ2cRC5HvGwna7J3IosHjoEdR5DuRyC8dQbK4IzdW1/",
  "GitHubUrl": "https://github.com/CarlosCDAW/proyectoGit",
  "WorkFolder": "_work",
  "UseV2Flow": true,
  "ServerUrlV2": "https://broker.actions.githubusercontent.com/"
}
[2026-10-10 10:36:29Z INFO BrokerMessageListener] Loading Credentials
[2026-10-10 10:36:29Z INFO ConfigurationStore] HasCredentials()
[2026-10-10 10:36:29Z INFO ConfigurationStore] stored True
[2026-10-10 10:36:29Z INFO CredentialManager] GetCredentialProvider
[2026-10-10 10:36:29Z INFO CredentialManager] Creating type OAuth
[2026-10-10 10:36:29Z INFO CredentialManager] Creating credential type: OAuth
[2026-10-10 10:36:29Z INFO HostContext] Well known directory 'Bin': 'C:\Users\CarlosC\OneDrive - Cesur-GCoremsa\Prácticas Data Center\Tareas\04 Git\proyectoGit\actions-runner\bin'
[2026-10-10 10:36:29Z INFO HostContext] Well known directory 'Root': 'C:\Users\CarlosC\OneDrive - Cesur-GCoremsa\Prácticas Data Center\Tareas\04 Git\proyectoGit\actions-runner'
[2026-10-10 10:36:29Z INFO HostContext] Well known config file 'RSACredentials': 'C:\Users\CarlosC\OneDrive - Cesur-GCoremsa\Prácticas Data Center\Tareas\04 Git\proyectoGit\actions-runner\.credentials_rsaparams'
[2026-10-10 10:36:29Z INFO RSAEncryptedFileKeyManager] Loading RSA key parameters from file C:\Users\CarlosC\OneDrive - Cesur-GCoremsa\Prácticas Data Center\Tareas\04 Git\proyectoGit\actions-runner\.credentials_rsaparams
[2026-10-10 10:36:29Z INFO BrokerMessageListener] Attempt to create session.
[2026-10-10 10:36:29Z INFO BrokerMessageListener] Connecting to the Broker Server...
[2026-10-10 10:36:29Z INFO ConfigurationStore] HasCredentials()
[2026-10-10 10:36:29Z INFO ConfigurationStore] stored True
[2026-10-10 10:36:29Z INFO CredentialManager] GetCredentialProvider
[2026-10-10 10:36:29Z INFO CredentialManager] Creating type OAuth
[2026-10-10 10:36:29Z INFO CredentialManager] Creating credential type: OAuth
[2026-10-10 10:36:29Z INFO RSAEncryptedFileKeyManager] Loading RSA key parameters from file C:\Users\CarlosC\OneDrive - Cesur-GCoremsa\Prácticas Data Center\Tareas\04 Git\proyectoGit\actions-runner\.credentials_rsaparams
[2026-10-10 10:36:29Z INFO BrokerMessageListener] VssConnection created
[2026-10-10 10:36:29Z INFO BrokerMessageListener] Connecting to the Runner server...
[2026-10-10 10:36:29Z INFO RunnerServer] EstablishVssConnection
[2026-10-10 10:36:29Z INFO RunnerServer] Establish connection with 100 seconds timeout.
[2026-10-10 10:36:29Z INFO GitHubActionsService] Starting operation Location.GetConnectionData
[2026-10-10 10:36:29Z INFO RunnerServer] EstablishVssConnection
[2026-10-10 10:36:29Z INFO RunnerServer] Establish connection with 60 seconds timeout.
[2026-10-10 10:36:29Z INFO GitHubActionsService] Starting operation Location.GetConnectionData
[2026-10-10 10:36:29Z INFO RunnerServer] EstablishVssConnection
[2026-10-10 10:36:29Z INFO RunnerServer] Establish connection with 60 seconds timeout.
[2026-10-10 10:36:29Z INFO GitHubActionsService] Starting operation Location.GetConnectionData
[2026-10-10 10:36:29Z INFO GitHubActionsService] Finished operation Location.GetConnectionData
[2026-10-10 10:36:29Z INFO GitHubActionsService] Finished operation Location.GetConnectionData
[2026-10-10 10:36:29Z INFO GitHubActionsService] Finished operation Location.GetConnectionData
[2026-10-10 10:36:29Z INFO BrokerMessageListener] VssConnection created
[2026-10-10 10:36:29Z INFO Terminal] WRITE LINE: 
[2026-10-10 10:36:29Z INFO Terminal] WRITE LINE: 
[2026-10-10 10:36:29Z INFO RSAEncryptedFileKeyManager] Loading RSA key parameters from file C:\Users\CarlosC\OneDrive - Cesur-GCoremsa\Prácticas Data Center\Tareas\04 Git\proyectoGit\actions-runner\.credentials_rsaparams
[2026-10-10 10:36:29Z INFO RSAEncryptedFileKeyManager] Loading RSA key parameters from file C:\Users\CarlosC\OneDrive - Cesur-GCoremsa\Prácticas Data Center\Tareas\04 Git\proyectoGit\actions-runner\.credentials_rsaparams
[2026-10-10 10:36:30Z INFO GitHubActionsService] AAD Correlation ID for this token request: Unknown
[2026-10-10 10:36:30Z INFO BrokerMessageListener] Session created.
[2026-10-10 10:36:30Z INFO Terminal] WRITE LINE: Current runner version: '2.337.0'
[2026-10-10 10:36:30Z INFO Terminal] WRITE LINE: 2026-10-10 10:36:30Z: Listening for Jobs
[2026-10-10 10:36:30Z INFO JobDispatcher] Set runner/worker IPC timeout to 30 seconds.
[2026-10-10 10:43:43Z INFO BrokerMessageListener] Acknowledging runner request '814135ee-6444-543d-a8f1-a2911799e9d8'.
[2026-10-10 10:43:43Z INFO ConfigurationStore] HasCredentials()
[2026-10-10 10:43:43Z INFO ConfigurationStore] stored True
[2026-10-10 10:43:43Z INFO CredentialManager] GetCredentialProvider
[2026-10-10 10:43:43Z INFO CredentialManager] Creating type OAuth
[2026-10-10 10:43:43Z INFO CredentialManager] Creating credential type: OAuth
[2026-10-10 10:43:43Z INFO RSAEncryptedFileKeyManager] Loading RSA key parameters from file C:\Users\CarlosC\OneDrive - Cesur-GCoremsa\Prácticas Data Center\Tareas\04 Git\proyectoGit\actions-runner\.credentials_rsaparams
[2026-10-10 10:43:43Z INFO RSAEncryptedFileKeyManager] Loading RSA key parameters from file C:\Users\CarlosC\OneDrive - Cesur-GCoremsa\Prácticas Data Center\Tareas\04 Git\proyectoGit\actions-runner\.credentials_rsaparams
[2026-10-10 10:43:43Z INFO RSAEncryptedFileKeyManager] Loading RSA key parameters from file C:\Users\CarlosC\OneDrive - Cesur-GCoremsa\Prácticas Data Center\Tareas\04 Git\proyectoGit\actions-runner\.credentials_rsaparams
[2026-10-10 10:43:44Z INFO GitHubActionsService] AAD Correlation ID for this token request: Unknown
[2026-10-10 10:43:44Z INFO JobDispatcher] Job request 0 for plan 50b01842-7d28-8f8b-b79c-f9ace47eccb9 job 814135ee-6444-543d-a8f1-a2911799e9d8 received.
[2026-10-10 10:43:44Z INFO JobDispatcher] Pull OrchestrationId 50b01842-7d28-8f8b-b79c-f9ace47eccb9.comparar-tokens.__default from JWT claims
[2026-10-10 10:43:44Z INFO BrokerMessageListener] Received job status event. JobState: Busy
[2026-10-10 10:43:44Z INFO BrokerMessageListener] _getMessagesTokenSource is already disposed.
[2026-10-10 10:43:44Z INFO Terminal] WRITE LINE: 2026-10-10 10:43:44Z: Running job: comparar-tokens
[2026-10-10 10:43:44Z INFO JobDispatcher] Start renew job request 0 for job 814135ee-6444-543d-a8f1-a2911799e9d8.
[2026-10-10 10:43:45Z INFO JobDispatcher] Successfully renew job 814135ee-6444-543d-a8f1-a2911799e9d8, job is valid till 10/10/2026 10:53:44
[2026-10-10 10:43:45Z INFO HostContext] Well known directory 'Bin': 'C:\Users\CarlosC\OneDrive - Cesur-GCoremsa\Prácticas Data Center\Tareas\04 Git\proyectoGit\actions-runner\bin'
[2026-10-10 10:43:45Z INFO ProcessInvokerWrapper] Starting process:
[2026-10-10 10:43:45Z INFO ProcessInvokerWrapper]   File name: 'C:\Users\CarlosC\OneDrive - Cesur-GCoremsa\Prácticas Data Center\Tareas\04 Git\proyectoGit\actions-runner\bin\Runner.Worker.exe'
[2026-10-10 10:43:45Z INFO ProcessInvokerWrapper]   Arguments: 'spawnclient 1584 2148'
[2026-10-10 10:43:45Z INFO ProcessInvokerWrapper]   Working directory: 'C:\Users\CarlosC\OneDrive - Cesur-GCoremsa\Prácticas Data Center\Tareas\04 Git\proyectoGit\actions-runner\bin'
[2026-10-10 10:43:45Z INFO ProcessInvokerWrapper]   Require exit code zero: 'False'
[2026-10-10 10:43:45Z INFO ProcessInvokerWrapper]   Encoding web name:  ; code page: ''
[2026-10-10 10:43:45Z INFO ProcessInvokerWrapper]   Force kill process on cancellation: 'True'
[2026-10-10 10:43:45Z INFO ProcessInvokerWrapper]   Redirected STDIN: 'False'
[2026-10-10 10:43:45Z INFO ProcessInvokerWrapper]   Persist current code page: 'False'
[2026-10-10 10:43:45Z INFO ProcessInvokerWrapper]   Keep redirected STDIN open: 'False'
[2026-10-10 10:43:45Z INFO ProcessInvokerWrapper]   High priority process: 'True'
[2026-10-10 10:43:45Z INFO ProcessInvokerWrapper] Process started with process id 5204, waiting for process exit.
[2026-10-10 10:43:45Z INFO JobDispatcher] Send job request message to worker for job 814135ee-6444-543d-a8f1-a2911799e9d8.
[2026-10-10 10:43:45Z INFO ProcessChannel] Sending message of length 22133, with hash 'be5bf885c07ed46ea4afbd7c8ea1bef8437109cce2a1505b5796c1f322702cf4'
[2026-10-10 10:43:45Z INFO JobNotification] Entering JobStarted Notification
[2026-10-10 10:43:45Z INFO JobNotification] Entering StartMonitor
[2026-10-10 10:43:49Z INFO ProcessInvokerWrapper] STDOUT/STDERR stream read finished.
[2026-10-10 10:43:49Z INFO ProcessInvokerWrapper] STDOUT/STDERR stream read finished.
[2026-10-10 10:43:49Z INFO ProcessInvokerWrapper] Finished process 5204 with exit code 102, and elapsed time 00:00:04.1247594.
[2026-10-10 10:43:49Z INFO JobDispatcher] Worker finished for job 814135ee-6444-543d-a8f1-a2911799e9d8. Code: 102
[2026-10-10 10:43:49Z INFO JobDispatcher] finish job request for job 814135ee-6444-543d-a8f1-a2911799e9d8 with result: Failed
[2026-10-10 10:43:49Z INFO Terminal] WRITE LINE: 2026-10-10 10:43:49Z: Job comparar-tokens completed with result: Failed
[2026-10-10 10:43:49Z INFO JobDispatcher] Stop renew job request for job 814135ee-6444-543d-a8f1-a2911799e9d8.
[2026-10-10 10:43:49Z INFO JobDispatcher] job renew has been cancelled, stop renew job 814135ee-6444-543d-a8f1-a2911799e9d8.
[2026-10-10 10:43:49Z INFO JobNotification] Entering JobCompleted Notification
[2026-10-10 10:43:49Z INFO JobNotification] Entering EndMonitor
[2026-10-10 10:43:49Z INFO BrokerMessageListener] Received job status event. JobState: Online
[2026-10-10 10:43:49Z WARN GitHubActionsService] GET request to https://broker.actions.githubusercontent.com/message?sessionId=c78d8282-08ec-448f-b481-9d46906c6ed4&status=Busy&runnerVersion=2.337.0&os=Windows&architecture=X64&disableUpdate=false has been cancelled.
[2026-10-10 10:43:49Z ERR  BrokerServer] Catch exception during request
[2026-10-10 10:43:49Z ERR  BrokerServer] System.Threading.Tasks.TaskCanceledException: The operation was canceled.
 ---> System.Threading.Tasks.TaskCanceledException: The operation was canceled.
 ---> System.IO.IOException: Unable to read data from the transport connection: La operación de E/S se anuló por una salida de subproceso o por una solicitud de aplicación..
 ---> System.Net.Sockets.SocketException (995): La operación de E/S se anuló por una salida de subproceso o por una solicitud de aplicación.
   --- End of inner exception stack trace ---
   at System.Net.Sockets.Socket.AwaitableSocketAsyncEventArgs.ThrowException(SocketError error, CancellationToken cancellationToken)
   at System.Net.Sockets.Socket.AwaitableSocketAsyncEventArgs.System.Threading.Tasks.Sources.IValueTaskSource<System.Int32>.GetResult(Int16 token)
   at System.Net.Security.SslStream.EnsureFullTlsFrameAsync[TIOAdapter](CancellationToken cancellationToken, Int32 estimatedSize)
   at System.Runtime.CompilerServices.PoolingAsyncValueTaskMethodBuilder`1.StateMachineBox`1.System.Threading.Tasks.Sources.IValueTaskSource<TResult>.GetResult(Int16 token)
   at System.Net.Security.SslStream.ReadAsyncInternal[TIOAdapter](Memory`1 buffer, CancellationToken cancellationToken)
   at System.Runtime.CompilerServices.PoolingAsyncValueTaskMethodBuilder`1.StateMachineBox`1.System.Threading.Tasks.Sources.IValueTaskSource<TResult>.GetResult(Int16 token)
   at System.Net.Http.HttpConnection.SendAsync(HttpRequestMessage request, Boolean async, CancellationToken cancellationToken)
   --- End of inner exception stack trace ---
   at System.Net.Http.HttpConnection.SendAsync(HttpRequestMessage request, Boolean async, CancellationToken cancellationToken)
   at System.Net.Http.AuthenticationHelper.SendWithNtAuthAsync(HttpRequestMessage request, Uri authUri, Boolean async, ICredentials credentials, Boolean isProxyAuth, HttpConnection connection, HttpConnectionPool connectionPool, CancellationToken cancellationToken)
   at System.Net.Http.HttpConnectionPool.SendWithVersionDetectionAndRetryAsync(HttpRequestMessage request, Boolean async, Boolean doRequestAuth, CancellationToken cancellationToken)
   at System.Net.Http.AuthenticationHelper.SendWithAuthAsync(HttpRequestMessage request, Uri authUri, Boolean async, ICredentials credentials, Boolean preAuthenticate, Boolean isProxyAuth, Boolean doRequestAuth, HttpConnectionPool pool, CancellationToken cancellationToken)
   at System.Net.Http.RedirectHandler.SendAsync(HttpRequestMessage request, Boolean async, CancellationToken cancellationToken)
   at GitHub.Services.Common.RawHttpMessageHandler.SendAsync(HttpRequestMessage request, CancellationToken cancellationToken)
   at GitHub.Services.Common.VssHttpRetryMessageHandler.SendAsync(HttpRequestMessage request, CancellationToken cancellationToken)
   at System.Net.Http.HttpClient.<SendAsync>g__Core|83_0(HttpRequestMessage request, HttpCompletionOption completionOption, CancellationTokenSource cts, Boolean disposeCts, CancellationTokenSource pendingRequestsCts, CancellationToken originalCancellationToken)
   --- End of inner exception stack trace ---
   at System.Net.Http.HttpClient.HandleFailure(Exception e, Boolean telemetryStarted, HttpResponseMessage response, CancellationTokenSource cts, CancellationToken cancellationToken, CancellationTokenSource pendingRequestsCts)
   at System.Net.Http.HttpClient.<SendAsync>g__Core|83_0(HttpRequestMessage request, HttpCompletionOption completionOption, CancellationTokenSource cts, Boolean disposeCts, CancellationTokenSource pendingRequestsCts, CancellationToken originalCancellationToken)
   at Sdk.WebApi.WebApi.RawHttpClientBase.SendAsync(HttpRequestMessage message, HttpCompletionOption completionOption, Object userState, CancellationToken cancellationToken)
   at Sdk.WebApi.WebApi.RawHttpClientBase.SendAsync[T](HttpRequestMessage message, Boolean readErrorBody, Object userState, CancellationToken cancellationToken)
   at Sdk.WebApi.WebApi.RawHttpClientBase.SendAsync[T](HttpMethod method, IEnumerable`1 additionalHeaders, Uri requestUri, HttpContent content, IEnumerable`1 queryParameters, Boolean readErrorBody, Object userState, CancellationToken cancellationToken)
   at GitHub.Actions.RunService.WebApi.BrokerHttpClient.GetRunnerMessageAsync(Nullable`1 sessionId, String runnerVersion, Nullable`1 status, String os, String architecture, Nullable`1 disableUpdate, CancellationToken cancellationToken)
   at GitHub.Runner.Common.BrokerServer.<>c__DisplayClass7_0.<<GetRunnerMessageAsync>b__0>d.MoveNext()
--- End of stack trace from previous location ---
   at GitHub.Runner.Common.RunnerService.RetryRequest[T](Func`1 func, CancellationToken cancellationToken, Int32 maxAttempts, Func`2 shouldRetry)
[2026-10-10 10:43:49Z ERR  BrokerServer] #####################################################
[2026-10-10 10:43:49Z ERR  BrokerServer] System.Threading.Tasks.TaskCanceledException: The operation was canceled.
 ---> System.IO.IOException: Unable to read data from the transport connection: La operación de E/S se anuló por una salida de subproceso o por una solicitud de aplicación..
 ---> System.Net.Sockets.SocketException (995): La operación de E/S se anuló por una salida de subproceso o por una solicitud de aplicación.
   --- End of inner exception stack trace ---
   at System.Net.Sockets.Socket.AwaitableSocketAsyncEventArgs.ThrowException(SocketError error, CancellationToken cancellationToken)
   at System.Net.Sockets.Socket.AwaitableSocketAsyncEventArgs.System.Threading.Tasks.Sources.IValueTaskSource<System.Int32>.GetResult(Int16 token)
   at System.Net.Security.SslStream.EnsureFullTlsFrameAsync[TIOAdapter](CancellationToken cancellationToken, Int32 estimatedSize)
   at System.Runtime.CompilerServices.PoolingAsyncValueTaskMethodBuilder`1.StateMachineBox`1.System.Threading.Tasks.Sources.IValueTaskSource<TResult>.GetResult(Int16 token)
   at System.Net.Security.SslStream.ReadAsyncInternal[TIOAdapter](Memory`1 buffer, CancellationToken cancellationToken)
   at System.Runtime.CompilerServices.PoolingAsyncValueTaskMethodBuilder`1.StateMachineBox`1.System.Threading.Tasks.Sources.IValueTaskSource<TResult>.GetResult(Int16 token)
   at System.Net.Http.HttpConnection.SendAsync(HttpRequestMessage request, Boolean async, CancellationToken cancellationToken)
   --- End of inner exception stack trace ---
   at System.Net.Http.HttpConnection.SendAsync(HttpRequestMessage request, Boolean async, CancellationToken cancellationToken)
   at System.Net.Http.AuthenticationHelper.SendWithNtAuthAsync(HttpRequestMessage request, Uri authUri, Boolean async, ICredentials credentials, Boolean isProxyAuth, HttpConnection connection, HttpConnectionPool connectionPool, CancellationToken cancellationToken)
   at System.Net.Http.HttpConnectionPool.SendWithVersionDetectionAndRetryAsync(HttpRequestMessage request, Boolean async, Boolean doRequestAuth, CancellationToken cancellationToken)
   at System.Net.Http.AuthenticationHelper.SendWithAuthAsync(HttpRequestMessage request, Uri authUri, Boolean async, ICredentials credentials, Boolean preAuthenticate, Boolean isProxyAuth, Boolean doRequestAuth, HttpConnectionPool pool, CancellationToken cancellationToken)
   at System.Net.Http.RedirectHandler.SendAsync(HttpRequestMessage request, Boolean async, CancellationToken cancellationToken)
   at GitHub.Services.Common.RawHttpMessageHandler.SendAsync(HttpRequestMessage request, CancellationToken cancellationToken)
   at GitHub.Services.Common.VssHttpRetryMessageHandler.SendAsync(HttpRequestMessage request, CancellationToken cancellationToken)
   at System.Net.Http.HttpClient.<SendAsync>g__Core|83_0(HttpRequestMessage request, HttpCompletionOption completionOption, CancellationTokenSource cts, Boolean disposeCts, CancellationTokenSource pendingRequestsCts, CancellationToken originalCancellationToken)
[2026-10-10 10:43:49Z ERR  BrokerServer] #####################################################
[2026-10-10 10:43:49Z ERR  BrokerServer] System.IO.IOException: Unable to read data from the transport connection: La operación de E/S se anuló por una salida de subproceso o por una solicitud de aplicación..
 ---> System.Net.Sockets.SocketException (995): La operación de E/S se anuló por una salida de subproceso o por una solicitud de aplicación.
   --- End of inner exception stack trace ---
   at System.Net.Sockets.Socket.AwaitableSocketAsyncEventArgs.ThrowException(SocketError error, CancellationToken cancellationToken)
   at System.Net.Sockets.Socket.AwaitableSocketAsyncEventArgs.System.Threading.Tasks.Sources.IValueTaskSource<System.Int32>.GetResult(Int16 token)
   at System.Net.Security.SslStream.EnsureFullTlsFrameAsync[TIOAdapter](CancellationToken cancellationToken, Int32 estimatedSize)
   at System.Runtime.CompilerServices.PoolingAsyncValueTaskMethodBuilder`1.StateMachineBox`1.System.Threading.Tasks.Sources.IValueTaskSource<TResult>.GetResult(Int16 token)
   at System.Net.Security.SslStream.ReadAsyncInternal[TIOAdapter](Memory`1 buffer, CancellationToken cancellationToken)
   at System.Runtime.CompilerServices.PoolingAsyncValueTaskMethodBuilder`1.StateMachineBox`1.System.Threading.Tasks.Sources.IValueTaskSource<TResult>.GetResult(Int16 token)
   at System.Net.Http.HttpConnection.SendAsync(HttpRequestMessage request, Boolean async, CancellationToken cancellationToken)
[2026-10-10 10:43:49Z ERR  BrokerServer] #####################################################
[2026-10-10 10:43:49Z ERR  BrokerServer] System.Net.Sockets.SocketException (995): La operación de E/S se anuló por una salida de subproceso o por una solicitud de aplicación.
[2026-10-10 10:43:49Z WARN BrokerServer] Back off 7,483 seconds before next retry. 4 attempt left.
[2026-10-10 10:43:49Z INFO BrokerMessageListener] Get messages has been cancelled using local token source. Continue to get messages with new status.
[2026-10-10 10:53:05Z INFO BrokerMessageListener] Acknowledging runner request 'f290ea82-02e3-5554-9c7c-4dcdecc2ce1f'.
[2026-10-10 10:53:05Z INFO ConfigurationStore] HasCredentials()
[2026-10-10 10:53:05Z INFO ConfigurationStore] stored True
[2026-10-10 10:53:05Z INFO CredentialManager] GetCredentialProvider
[2026-10-10 10:53:05Z INFO CredentialManager] Creating type OAuth
[2026-10-10 10:53:05Z INFO CredentialManager] Creating credential type: OAuth
[2026-10-10 10:53:05Z INFO RSAEncryptedFileKeyManager] Loading RSA key parameters from file C:\Users\CarlosC\OneDrive - Cesur-GCoremsa\Prácticas Data Center\Tareas\04 Git\proyectoGit\actions-runner\.credentials_rsaparams
[2026-10-10 10:53:05Z INFO RSAEncryptedFileKeyManager] Loading RSA key parameters from file C:\Users\CarlosC\OneDrive - Cesur-GCoremsa\Prácticas Data Center\Tareas\04 Git\proyectoGit\actions-runner\.credentials_rsaparams
[2026-10-10 10:53:05Z INFO RSAEncryptedFileKeyManager] Loading RSA key parameters from file C:\Users\CarlosC\OneDrive - Cesur-GCoremsa\Prácticas Data Center\Tareas\04 Git\proyectoGit\actions-runner\.credentials_rsaparams
[2026-10-10 10:53:05Z INFO GitHubActionsService] AAD Correlation ID for this token request: Unknown
[2026-10-10 10:53:06Z INFO JobDispatcher] Job request 0 for plan 7de74110-8717-85a2-8fa7-7846fc24ceef job f290ea82-02e3-5554-9c7c-4dcdecc2ce1f received.
[2026-10-10 10:53:06Z INFO JobDispatcher] Pull OrchestrationId 7de74110-8717-85a2-8fa7-7846fc24ceef.comparar-tokens.__default from JWT claims
[2026-10-10 10:53:06Z INFO BrokerMessageListener] Received job status event. JobState: Busy
[2026-10-10 10:53:06Z INFO BrokerMessageListener] _getMessagesTokenSource is already disposed.
[2026-10-10 10:53:06Z INFO JobDispatcher] Job request 814135ee-6444-543d-a8f1-a2911799e9d8 processed succeed.
[2026-10-10 10:53:06Z INFO Terminal] WRITE LINE: 2026-10-10 10:53:06Z: Running job: comparar-tokens
[2026-10-10 10:53:06Z INFO JobDispatcher] Start renew job request 0 for job f290ea82-02e3-5554-9c7c-4dcdecc2ce1f.
[2026-10-10 10:53:06Z INFO JobDispatcher] Successfully renew job f290ea82-02e3-5554-9c7c-4dcdecc2ce1f, job is valid till 10/10/2026 11:03:06
[2026-10-10 10:53:06Z INFO HostContext] Well known directory 'Bin': 'C:\Users\CarlosC\OneDrive - Cesur-GCoremsa\Prácticas Data Center\Tareas\04 Git\proyectoGit\actions-runner\bin'
[2026-10-10 10:53:06Z INFO ProcessInvokerWrapper] Starting process:
[2026-10-10 10:53:06Z INFO ProcessInvokerWrapper]   File name: 'C:\Users\CarlosC\OneDrive - Cesur-GCoremsa\Prácticas Data Center\Tareas\04 Git\proyectoGit\actions-runner\bin\Runner.Worker.exe'
[2026-10-10 10:53:06Z INFO ProcessInvokerWrapper]   Arguments: 'spawnclient 2284 1420'
[2026-10-10 10:53:06Z INFO ProcessInvokerWrapper]   Working directory: 'C:\Users\CarlosC\OneDrive - Cesur-GCoremsa\Prácticas Data Center\Tareas\04 Git\proyectoGit\actions-runner\bin'
[2026-10-10 10:53:06Z INFO ProcessInvokerWrapper]   Require exit code zero: 'False'
[2026-10-10 10:53:06Z INFO ProcessInvokerWrapper]   Encoding web name:  ; code page: ''
[2026-10-10 10:53:06Z INFO ProcessInvokerWrapper]   Force kill process on cancellation: 'True'
[2026-10-10 10:53:06Z INFO ProcessInvokerWrapper]   Redirected STDIN: 'False'
[2026-10-10 10:53:06Z INFO ProcessInvokerWrapper]   Persist current code page: 'False'
[2026-10-10 10:53:06Z INFO ProcessInvokerWrapper]   Keep redirected STDIN open: 'False'
[2026-10-10 10:53:06Z INFO ProcessInvokerWrapper]   High priority process: 'True'
[2026-10-10 10:53:06Z INFO ProcessInvokerWrapper] Process started with process id 25396, waiting for process exit.
[2026-10-10 10:53:06Z INFO JobDispatcher] Send job request message to worker for job f290ea82-02e3-5554-9c7c-4dcdecc2ce1f.
[2026-10-10 10:53:06Z INFO ProcessChannel] Sending message of length 22218, with hash '0d41c59110d8b06a9cec41d3d4ffad1a35d7da879320e09c20e85b472df2e371'
[2026-10-10 10:53:06Z INFO JobNotification] Entering JobStarted Notification
[2026-10-10 10:53:06Z INFO JobNotification] Entering StartMonitor
[2026-10-10 10:53:10Z INFO ProcessInvokerWrapper] STDOUT/STDERR stream read finished.
[2026-10-10 10:53:10Z INFO ProcessInvokerWrapper] STDOUT/STDERR stream read finished.
[2026-10-10 10:53:10Z INFO ProcessInvokerWrapper] Finished process 25396 with exit code 102, and elapsed time 00:00:04.0677258.
[2026-10-10 10:53:10Z INFO JobDispatcher] Worker finished for job f290ea82-02e3-5554-9c7c-4dcdecc2ce1f. Code: 102
[2026-10-10 10:53:10Z INFO JobDispatcher] finish job request for job f290ea82-02e3-5554-9c7c-4dcdecc2ce1f with result: Failed
[2026-10-10 10:53:10Z INFO Terminal] WRITE LINE: 2026-10-10 10:53:10Z: Job comparar-tokens completed with result: Failed
[2026-10-10 10:53:10Z INFO JobDispatcher] Stop renew job request for job f290ea82-02e3-5554-9c7c-4dcdecc2ce1f.
[2026-10-10 10:53:10Z INFO JobDispatcher] job renew has been cancelled, stop renew job f290ea82-02e3-5554-9c7c-4dcdecc2ce1f.
[2026-10-10 10:53:10Z INFO JobNotification] Entering JobCompleted Notification
[2026-10-10 10:53:10Z INFO JobNotification] Entering EndMonitor
[2026-10-10 10:53:10Z INFO BrokerMessageListener] Received job status event. JobState: Online
[2026-10-10 10:53:10Z WARN GitHubActionsService] GET request to https://broker.actions.githubusercontent.com/message?sessionId=c78d8282-08ec-448f-b481-9d46906c6ed4&status=Busy&runnerVersion=2.337.0&os=Windows&architecture=X64&disableUpdate=false has been cancelled.
[2026-10-10 10:53:10Z ERR  BrokerServer] Catch exception during request
[2026-10-10 10:53:10Z ERR  BrokerServer] System.Threading.Tasks.TaskCanceledException: The operation was canceled.
 ---> System.Threading.Tasks.TaskCanceledException: The operation was canceled.
 ---> System.IO.IOException: Unable to read data from the transport connection: La operación de E/S se anuló por una salida de subproceso o por una solicitud de aplicación..
 ---> System.Net.Sockets.SocketException (995): La operación de E/S se anuló por una salida de subproceso o por una solicitud de aplicación.
   --- End of inner exception stack trace ---
   at System.Net.Sockets.Socket.AwaitableSocketAsyncEventArgs.System.Threading.Tasks.Sources.IValueTaskSource<System.Int32>.GetResult(Int16 token)
   at System.Net.Security.SslStream.EnsureFullTlsFrameAsync[TIOAdapter](CancellationToken cancellationToken, Int32 estimatedSize)
   at System.Runtime.CompilerServices.PoolingAsyncValueTaskMethodBuilder`1.StateMachineBox`1.System.Threading.Tasks.Sources.IValueTaskSource<TResult>.GetResult(Int16 token)
   at System.Net.Security.SslStream.ReadAsyncInternal[TIOAdapter](Memory`1 buffer, CancellationToken cancellationToken)
   at System.Runtime.CompilerServices.PoolingAsyncValueTaskMethodBuilder`1.StateMachineBox`1.System.Threading.Tasks.Sources.IValueTaskSource<TResult>.GetResult(Int16 token)
   at System.Net.Http.HttpConnection.SendAsync(HttpRequestMessage request, Boolean async, CancellationToken cancellationToken)
   --- End of inner exception stack trace ---
   at System.Net.Http.HttpConnection.SendAsync(HttpRequestMessage request, Boolean async, CancellationToken cancellationToken)
   at System.Net.Http.AuthenticationHelper.SendWithNtAuthAsync(HttpRequestMessage request, Uri authUri, Boolean async, ICredentials credentials, Boolean isProxyAuth, HttpConnection connection, HttpConnectionPool connectionPool, CancellationToken cancellationToken)
   at System.Net.Http.HttpConnectionPool.SendWithVersionDetectionAndRetryAsync(HttpRequestMessage request, Boolean async, Boolean doRequestAuth, CancellationToken cancellationToken)
   at System.Net.Http.AuthenticationHelper.SendWithAuthAsync(HttpRequestMessage request, Uri authUri, Boolean async, ICredentials credentials, Boolean preAuthenticate, Boolean isProxyAuth, Boolean doRequestAuth, HttpConnectionPool pool, CancellationToken cancellationToken)
   at System.Net.Http.RedirectHandler.SendAsync(HttpRequestMessage request, Boolean async, CancellationToken cancellationToken)
   at GitHub.Services.Common.RawHttpMessageHandler.SendAsync(HttpRequestMessage request, CancellationToken cancellationToken)
   at GitHub.Services.Common.VssHttpRetryMessageHandler.SendAsync(HttpRequestMessage request, CancellationToken cancellationToken)
   at System.Net.Http.HttpClient.<SendAsync>g__Core|83_0(HttpRequestMessage request, HttpCompletionOption completionOption, CancellationTokenSource cts, Boolean disposeCts, CancellationTokenSource pendingRequestsCts, CancellationToken originalCancellationToken)
   --- End of inner exception stack trace ---
   at System.Net.Http.HttpClient.HandleFailure(Exception e, Boolean telemetryStarted, HttpResponseMessage response, CancellationTokenSource cts, CancellationToken cancellationToken, CancellationTokenSource pendingRequestsCts)
   at System.Net.Http.HttpClient.<SendAsync>g__Core|83_0(HttpRequestMessage request, HttpCompletionOption completionOption, CancellationTokenSource cts, Boolean disposeCts, CancellationTokenSource pendingRequestsCts, CancellationToken originalCancellationToken)
   at Sdk.WebApi.WebApi.RawHttpClientBase.SendAsync(HttpRequestMessage message, HttpCompletionOption completionOption, Object userState, CancellationToken cancellationToken)
   at Sdk.WebApi.WebApi.RawHttpClientBase.SendAsync[T](HttpRequestMessage message, Boolean readErrorBody, Object userState, CancellationToken cancellationToken)
   at Sdk.WebApi.WebApi.RawHttpClientBase.SendAsync[T](HttpMethod method, IEnumerable`1 additionalHeaders, Uri requestUri, HttpContent content, IEnumerable`1 queryParameters, Boolean readErrorBody, Object userState, CancellationToken cancellationToken)
   at GitHub.Actions.RunService.WebApi.BrokerHttpClient.GetRunnerMessageAsync(Nullable`1 sessionId, String runnerVersion, Nullable`1 status, String os, String architecture, Nullable`1 disableUpdate, CancellationToken cancellationToken)
   at GitHub.Runner.Common.BrokerServer.<>c__DisplayClass7_0.<<GetRunnerMessageAsync>b__0>d.MoveNext()
--- End of stack trace from previous location ---
   at GitHub.Runner.Common.RunnerService.RetryRequest[T](Func`1 func, CancellationToken cancellationToken, Int32 maxAttempts, Func`2 shouldRetry)
[2026-10-10 10:53:10Z ERR  BrokerServer] #####################################################
[2026-10-10 10:53:10Z ERR  BrokerServer] System.Threading.Tasks.TaskCanceledException: The operation was canceled.
 ---> System.IO.IOException: Unable to read data from the transport connection: La operación de E/S se anuló por una salida de subproceso o por una solicitud de aplicación..
 ---> System.Net.Sockets.SocketException (995): La operación de E/S se anuló por una salida de subproceso o por una solicitud de aplicación.
   --- End of inner exception stack trace ---
   at System.Net.Sockets.Socket.AwaitableSocketAsyncEventArgs.System.Threading.Tasks.Sources.IValueTaskSource<System.Int32>.GetResult(Int16 token)
   at System.Net.Security.SslStream.EnsureFullTlsFrameAsync[TIOAdapter](CancellationToken cancellationToken, Int32 estimatedSize)
   at System.Runtime.CompilerServices.PoolingAsyncValueTaskMethodBuilder`1.StateMachineBox`1.System.Threading.Tasks.Sources.IValueTaskSource<TResult>.GetResult(Int16 token)
   at System.Net.Security.SslStream.ReadAsyncInternal[TIOAdapter](Memory`1 buffer, CancellationToken cancellationToken)
   at System.Runtime.CompilerServices.PoolingAsyncValueTaskMethodBuilder`1.StateMachineBox`1.System.Threading.Tasks.Sources.IValueTaskSource<TResult>.GetResult(Int16 token)
   at System.Net.Http.HttpConnection.SendAsync(HttpRequestMessage request, Boolean async, CancellationToken cancellationToken)
   --- End of inner exception stack trace ---
   at System.Net.Http.HttpConnection.SendAsync(HttpRequestMessage request, Boolean async, CancellationToken cancellationToken)
   at System.Net.Http.AuthenticationHelper.SendWithNtAuthAsync(HttpRequestMessage request, Uri authUri, Boolean async, ICredentials credentials, Boolean isProxyAuth, HttpConnection connection, HttpConnectionPool connectionPool, CancellationToken cancellationToken)
   at System.Net.Http.HttpConnectionPool.SendWithVersionDetectionAndRetryAsync(HttpRequestMessage request, Boolean async, Boolean doRequestAuth, CancellationToken cancellationToken)
   at System.Net.Http.AuthenticationHelper.SendWithAuthAsync(HttpRequestMessage request, Uri authUri, Boolean async, ICredentials credentials, Boolean preAuthenticate, Boolean isProxyAuth, Boolean doRequestAuth, HttpConnectionPool pool, CancellationToken cancellationToken)
   at System.Net.Http.RedirectHandler.SendAsync(HttpRequestMessage request, Boolean async, CancellationToken cancellationToken)
   at GitHub.Services.Common.RawHttpMessageHandler.SendAsync(HttpRequestMessage request, CancellationToken cancellationToken)
   at GitHub.Services.Common.VssHttpRetryMessageHandler.SendAsync(HttpRequestMessage request, CancellationToken cancellationToken)
   at System.Net.Http.HttpClient.<SendAsync>g__Core|83_0(HttpRequestMessage request, HttpCompletionOption completionOption, CancellationTokenSource cts, Boolean disposeCts, CancellationTokenSource pendingRequestsCts, CancellationToken originalCancellationToken)
[2026-10-10 10:53:10Z ERR  BrokerServer] #####################################################
[2026-10-10 10:53:10Z ERR  BrokerServer] System.IO.IOException: Unable to read data from the transport connection: La operación de E/S se anuló por una salida de subproceso o por una solicitud de aplicación..
 ---> System.Net.Sockets.SocketException (995): La operación de E/S se anuló por una salida de subproceso o por una solicitud de aplicación.
   --- End of inner exception stack trace ---
   at System.Net.Sockets.Socket.AwaitableSocketAsyncEventArgs.System.Threading.Tasks.Sources.IValueTaskSource<System.Int32>.GetResult(Int16 token)
   at System.Net.Security.SslStream.EnsureFullTlsFrameAsync[TIOAdapter](CancellationToken cancellationToken, Int32 estimatedSize)
   at System.Runtime.CompilerServices.PoolingAsyncValueTaskMethodBuilder`1.StateMachineBox`1.System.Threading.Tasks.Sources.IValueTaskSource<TResult>.GetResult(Int16 token)
   at System.Net.Security.SslStream.ReadAsyncInternal[TIOAdapter](Memory`1 buffer, CancellationToken cancellationToken)
   at System.Runtime.CompilerServices.PoolingAsyncValueTaskMethodBuilder`1.StateMachineBox`1.System.Threading.Tasks.Sources.IValueTaskSource<TResult>.GetResult(Int16 token)
   at System.Net.Http.HttpConnection.SendAsync(HttpRequestMessage request, Boolean async, CancellationToken cancellationToken)
[2026-10-10 10:53:10Z ERR  BrokerServer] #####################################################
[2026-10-10 10:53:10Z ERR  BrokerServer] System.Net.Sockets.SocketException (995): La operación de E/S se anuló por una salida de subproceso o por una solicitud de aplicación.
[2026-10-10 10:53:10Z WARN BrokerServer] Back off 14,304 seconds before next retry. 4 attempt left.
[2026-10-10 10:53:10Z INFO BrokerMessageListener] Get messages has been cancelled using local token source. Continue to get messages with new status.
[2026-10-10 10:57:03Z INFO BrokerMessageListener] Acknowledging runner request '876ccd53-1a0a-5eef-b8c4-44c2f3ed871b'.
[2026-10-10 10:57:03Z INFO ConfigurationStore] HasCredentials()
[2026-10-10 10:57:03Z INFO ConfigurationStore] stored True
[2026-10-10 10:57:03Z INFO CredentialManager] GetCredentialProvider
[2026-10-10 10:57:03Z INFO CredentialManager] Creating type OAuth
[2026-10-10 10:57:03Z INFO CredentialManager] Creating credential type: OAuth
[2026-10-10 10:57:03Z INFO RSAEncryptedFileKeyManager] Loading RSA key parameters from file C:\Users\CarlosC\OneDrive - Cesur-GCoremsa\Prácticas Data Center\Tareas\04 Git\proyectoGit\actions-runner\.credentials_rsaparams
[2026-10-10 10:57:03Z INFO RSAEncryptedFileKeyManager] Loading RSA key parameters from file C:\Users\CarlosC\OneDrive - Cesur-GCoremsa\Prácticas Data Center\Tareas\04 Git\proyectoGit\actions-runner\.credentials_rsaparams
[2026-10-10 10:57:03Z INFO RSAEncryptedFileKeyManager] Loading RSA key parameters from file C:\Users\CarlosC\OneDrive - Cesur-GCoremsa\Prácticas Data Center\Tareas\04 Git\proyectoGit\actions-runner\.credentials_rsaparams
[2026-10-10 10:57:03Z INFO GitHubActionsService] AAD Correlation ID for this token request: Unknown
[2026-10-10 10:57:04Z INFO JobDispatcher] Job request 0 for plan 1af91133-f47e-8487-9c60-d3634bd997d5 job 876ccd53-1a0a-5eef-b8c4-44c2f3ed871b received.
[2026-10-10 10:57:04Z INFO JobDispatcher] Pull OrchestrationId 1af91133-f47e-8487-9c60-d3634bd997d5.comparar-tokens.__default from JWT claims
[2026-10-10 10:57:04Z INFO BrokerMessageListener] Received job status event. JobState: Busy
[2026-10-10 10:57:04Z INFO BrokerMessageListener] _getMessagesTokenSource is already disposed.
[2026-10-10 10:57:04Z INFO JobDispatcher] Job request f290ea82-02e3-5554-9c7c-4dcdecc2ce1f processed succeed.
[2026-10-10 10:57:04Z INFO Terminal] WRITE LINE: 2026-10-10 10:57:04Z: Running job: comparar-tokens
[2026-10-10 10:57:04Z INFO JobDispatcher] Start renew job request 0 for job 876ccd53-1a0a-5eef-b8c4-44c2f3ed871b.
[2026-10-10 10:57:04Z INFO JobDispatcher] Successfully renew job 876ccd53-1a0a-5eef-b8c4-44c2f3ed871b, job is valid till 10/10/2026 11:07:03
[2026-10-10 10:57:04Z INFO HostContext] Well known directory 'Bin': 'C:\Users\CarlosC\OneDrive - Cesur-GCoremsa\Prácticas Data Center\Tareas\04 Git\proyectoGit\actions-runner\bin'
[2026-10-10 10:57:04Z INFO ProcessInvokerWrapper] Starting process:
[2026-10-10 10:57:04Z INFO ProcessInvokerWrapper]   File name: 'C:\Users\CarlosC\OneDrive - Cesur-GCoremsa\Prácticas Data Center\Tareas\04 Git\proyectoGit\actions-runner\bin\Runner.Worker.exe'
[2026-10-10 10:57:04Z INFO ProcessInvokerWrapper]   Arguments: 'spawnclient 2552 2572'
[2026-10-10 10:57:04Z INFO ProcessInvokerWrapper]   Working directory: 'C:\Users\CarlosC\OneDrive - Cesur-GCoremsa\Prácticas Data Center\Tareas\04 Git\proyectoGit\actions-runner\bin'
[2026-10-10 10:57:04Z INFO ProcessInvokerWrapper]   Require exit code zero: 'False'
[2026-10-10 10:57:04Z INFO ProcessInvokerWrapper]   Encoding web name:  ; code page: ''
[2026-10-10 10:57:04Z INFO ProcessInvokerWrapper]   Force kill process on cancellation: 'True'
[2026-10-10 10:57:04Z INFO ProcessInvokerWrapper]   Redirected STDIN: 'False'
[2026-10-10 10:57:04Z INFO ProcessInvokerWrapper]   Persist current code page: 'False'
[2026-10-10 10:57:04Z INFO ProcessInvokerWrapper]   Keep redirected STDIN open: 'False'
[2026-10-10 10:57:04Z INFO ProcessInvokerWrapper]   High priority process: 'True'
[2026-10-10 10:57:04Z INFO ProcessInvokerWrapper] Process started with process id 8772, waiting for process exit.
[2026-10-10 10:57:04Z INFO JobDispatcher] Send job request message to worker for job 876ccd53-1a0a-5eef-b8c4-44c2f3ed871b.
[2026-10-10 10:57:04Z INFO ProcessChannel] Sending message of length 22236, with hash 'ca80fc5d04f0588b9676c3362497b48fd63486d125c8c39425c60dde1e008b98'
[2026-10-10 10:57:04Z INFO JobNotification] Entering JobStarted Notification
[2026-10-10 10:57:04Z INFO JobNotification] Entering StartMonitor
[2026-10-10 10:57:08Z INFO ProcessInvokerWrapper] STDOUT/STDERR stream read finished.
[2026-10-10 10:57:08Z INFO ProcessInvokerWrapper] STDOUT/STDERR stream read finished.
[2026-10-10 10:57:08Z INFO ProcessInvokerWrapper] Finished process 8772 with exit code 102, and elapsed time 00:00:03.9901371.
[2026-10-10 10:57:08Z INFO JobDispatcher] Worker finished for job 876ccd53-1a0a-5eef-b8c4-44c2f3ed871b. Code: 102
[2026-10-10 10:57:08Z INFO JobDispatcher] finish job request for job 876ccd53-1a0a-5eef-b8c4-44c2f3ed871b with result: Failed
[2026-10-10 10:57:08Z INFO Terminal] WRITE LINE: 2026-10-10 10:57:08Z: Job comparar-tokens completed with result: Failed
[2026-10-10 10:57:08Z INFO JobDispatcher] Stop renew job request for job 876ccd53-1a0a-5eef-b8c4-44c2f3ed871b.
[2026-10-10 10:57:08Z INFO JobDispatcher] job renew has been cancelled, stop renew job 876ccd53-1a0a-5eef-b8c4-44c2f3ed871b.
[2026-10-10 10:57:08Z INFO JobNotification] Entering JobCompleted Notification
[2026-10-10 10:57:08Z INFO JobNotification] Entering EndMonitor
[2026-10-10 10:57:08Z INFO BrokerMessageListener] Received job status event. JobState: Online
[2026-10-10 10:57:08Z WARN GitHubActionsService] GET request to https://broker.actions.githubusercontent.com/message?sessionId=c78d8282-08ec-448f-b481-9d46906c6ed4&status=Busy&runnerVersion=2.337.0&os=Windows&architecture=X64&disableUpdate=false has been cancelled.
[2026-10-10 10:57:08Z ERR  BrokerServer] Catch exception during request
[2026-10-10 10:57:08Z ERR  BrokerServer] System.Threading.Tasks.TaskCanceledException: The operation was canceled.
 ---> System.Threading.Tasks.TaskCanceledException: The operation was canceled.
 ---> System.IO.IOException: Unable to read data from the transport connection: La operación de E/S se anuló por una salida de subproceso o por una solicitud de aplicación..
 ---> System.Net.Sockets.SocketException (995): La operación de E/S se anuló por una salida de subproceso o por una solicitud de aplicación.
   --- End of inner exception stack trace ---
   at System.Net.Sockets.Socket.AwaitableSocketAsyncEventArgs.System.Threading.Tasks.Sources.IValueTaskSource<System.Int32>.GetResult(Int16 token)
   at System.Net.Security.SslStream.EnsureFullTlsFrameAsync[TIOAdapter](CancellationToken cancellationToken, Int32 estimatedSize)
   at System.Runtime.CompilerServices.PoolingAsyncValueTaskMethodBuilder`1.StateMachineBox`1.System.Threading.Tasks.Sources.IValueTaskSource<TResult>.GetResult(Int16 token)
   at System.Net.Security.SslStream.ReadAsyncInternal[TIOAdapter](Memory`1 buffer, CancellationToken cancellationToken)
   at System.Runtime.CompilerServices.PoolingAsyncValueTaskMethodBuilder`1.StateMachineBox`1.System.Threading.Tasks.Sources.IValueTaskSource<TResult>.GetResult(Int16 token)
   at System.Net.Http.HttpConnection.SendAsync(HttpRequestMessage request, Boolean async, CancellationToken cancellationToken)
   --- End of inner exception stack trace ---
   at System.Net.Http.HttpConnection.SendAsync(HttpRequestMessage request, Boolean async, CancellationToken cancellationToken)
   at System.Net.Http.AuthenticationHelper.SendWithNtAuthAsync(HttpRequestMessage request, Uri authUri, Boolean async, ICredentials credentials, Boolean isProxyAuth, HttpConnection connection, HttpConnectionPool connectionPool, CancellationToken cancellationToken)
   at System.Net.Http.HttpConnectionPool.SendWithVersionDetectionAndRetryAsync(HttpRequestMessage request, Boolean async, Boolean doRequestAuth, CancellationToken cancellationToken)
   at System.Net.Http.AuthenticationHelper.SendWithAuthAsync(HttpRequestMessage request, Uri authUri, Boolean async, ICredentials credentials, Boolean preAuthenticate, Boolean isProxyAuth, Boolean doRequestAuth, HttpConnectionPool pool, CancellationToken cancellationToken)
   at System.Net.Http.RedirectHandler.SendAsync(HttpRequestMessage request, Boolean async, CancellationToken cancellationToken)
   at GitHub.Services.Common.RawHttpMessageHandler.SendAsync(HttpRequestMessage request, CancellationToken cancellationToken)
   at GitHub.Services.Common.VssHttpRetryMessageHandler.SendAsync(HttpRequestMessage request, CancellationToken cancellationToken)
   at System.Net.Http.HttpClient.<SendAsync>g__Core|83_0(HttpRequestMessage request, HttpCompletionOption completionOption, CancellationTokenSource cts, Boolean disposeCts, CancellationTokenSource pendingRequestsCts, CancellationToken originalCancellationToken)
   --- End of inner exception stack trace ---
   at System.Net.Http.HttpClient.HandleFailure(Exception e, Boolean telemetryStarted, HttpResponseMessage response, CancellationTokenSource cts, CancellationToken cancellationToken, CancellationTokenSource pendingRequestsCts)
   at System.Net.Http.HttpClient.<SendAsync>g__Core|83_0(HttpRequestMessage request, HttpCompletionOption completionOption, CancellationTokenSource cts, Boolean disposeCts, CancellationTokenSource pendingRequestsCts, CancellationToken originalCancellationToken)
   at Sdk.WebApi.WebApi.RawHttpClientBase.SendAsync(HttpRequestMessage message, HttpCompletionOption completionOption, Object userState, CancellationToken cancellationToken)
   at Sdk.WebApi.WebApi.RawHttpClientBase.SendAsync[T](HttpRequestMessage message, Boolean readErrorBody, Object userState, CancellationToken cancellationToken)
   at Sdk.WebApi.WebApi.RawHttpClientBase.SendAsync[T](HttpMethod method, IEnumerable`1 additionalHeaders, Uri requestUri, HttpContent content, IEnumerable`1 queryParameters, Boolean readErrorBody, Object userState, CancellationToken cancellationToken)
   at GitHub.Actions.RunService.WebApi.BrokerHttpClient.GetRunnerMessageAsync(Nullable`1 sessionId, String runnerVersion, Nullable`1 status, String os, String architecture, Nullable`1 disableUpdate, CancellationToken cancellationToken)
   at GitHub.Runner.Common.BrokerServer.<>c__DisplayClass7_0.<<GetRunnerMessageAsync>b__0>d.MoveNext()
--- End of stack trace from previous location ---
   at GitHub.Runner.Common.RunnerService.RetryRequest[T](Func`1 func, CancellationToken cancellationToken, Int32 maxAttempts, Func`2 shouldRetry)
[2026-10-10 10:57:08Z ERR  BrokerServer] #####################################################
[2026-10-10 10:57:08Z ERR  BrokerServer] System.Threading.Tasks.TaskCanceledException: The operation was canceled.
 ---> System.IO.IOException: Unable to read data from the transport connection: La operación de E/S se anuló por una salida de subproceso o por una solicitud de aplicación..
 ---> System.Net.Sockets.SocketException (995): La operación de E/S se anuló por una salida de subproceso o por una solicitud de aplicación.
   --- End of inner exception stack trace ---
   at System.Net.Sockets.Socket.AwaitableSocketAsyncEventArgs.System.Threading.Tasks.Sources.IValueTaskSource<System.Int32>.GetResult(Int16 token)
   at System.Net.Security.SslStream.EnsureFullTlsFrameAsync[TIOAdapter](CancellationToken cancellationToken, Int32 estimatedSize)
   at System.Runtime.CompilerServices.PoolingAsyncValueTaskMethodBuilder`1.StateMachineBox`1.System.Threading.Tasks.Sources.IValueTaskSource<TResult>.GetResult(Int16 token)
   at System.Net.Security.SslStream.ReadAsyncInternal[TIOAdapter](Memory`1 buffer, CancellationToken cancellationToken)
   at System.Runtime.CompilerServices.PoolingAsyncValueTaskMethodBuilder`1.StateMachineBox`1.System.Threading.Tasks.Sources.IValueTaskSource<TResult>.GetResult(Int16 token)
   at System.Net.Http.HttpConnection.SendAsync(HttpRequestMessage request, Boolean async, CancellationToken cancellationToken)
   --- End of inner exception stack trace ---
   at System.Net.Http.HttpConnection.SendAsync(HttpRequestMessage request, Boolean async, CancellationToken cancellationToken)
   at System.Net.Http.AuthenticationHelper.SendWithNtAuthAsync(HttpRequestMessage request, Uri authUri, Boolean async, ICredentials credentials, Boolean isProxyAuth, HttpConnection connection, HttpConnectionPool connectionPool, CancellationToken cancellationToken)
   at System.Net.Http.HttpConnectionPool.SendWithVersionDetectionAndRetryAsync(HttpRequestMessage request, Boolean async, Boolean doRequestAuth, CancellationToken cancellationToken)
   at System.Net.Http.AuthenticationHelper.SendWithAuthAsync(HttpRequestMessage request, Uri authUri, Boolean async, ICredentials credentials, Boolean preAuthenticate, Boolean isProxyAuth, Boolean doRequestAuth, HttpConnectionPool pool, CancellationToken cancellationToken)
   at System.Net.Http.RedirectHandler.SendAsync(HttpRequestMessage request, Boolean async, CancellationToken cancellationToken)
   at GitHub.Services.Common.RawHttpMessageHandler.SendAsync(HttpRequestMessage request, CancellationToken cancellationToken)
   at GitHub.Services.Common.VssHttpRetryMessageHandler.SendAsync(HttpRequestMessage request, CancellationToken cancellationToken)
   at System.Net.Http.HttpClient.<SendAsync>g__Core|83_0(HttpRequestMessage request, HttpCompletionOption completionOption, CancellationTokenSource cts, Boolean disposeCts, CancellationTokenSource pendingRequestsCts, CancellationToken originalCancellationToken)
[2026-10-10 10:57:08Z ERR  BrokerServer] #####################################################
[2026-10-10 10:57:08Z ERR  BrokerServer] System.IO.IOException: Unable to read data from the transport connection: La operación de E/S se anuló por una salida de subproceso o por una solicitud de aplicación..
 ---> System.Net.Sockets.SocketException (995): La operación de E/S se anuló por una salida de subproceso o por una solicitud de aplicación.
   --- End of inner exception stack trace ---
   at System.Net.Sockets.Socket.AwaitableSocketAsyncEventArgs.System.Threading.Tasks.Sources.IValueTaskSource<System.Int32>.GetResult(Int16 token)
   at System.Net.Security.SslStream.EnsureFullTlsFrameAsync[TIOAdapter](CancellationToken cancellationToken, Int32 estimatedSize)
   at System.Runtime.CompilerServices.PoolingAsyncValueTaskMethodBuilder`1.StateMachineBox`1.System.Threading.Tasks.Sources.IValueTaskSource<TResult>.GetResult(Int16 token)
   at System.Net.Security.SslStream.ReadAsyncInternal[TIOAdapter](Memory`1 buffer, CancellationToken cancellationToken)
   at System.Runtime.CompilerServices.PoolingAsyncValueTaskMethodBuilder`1.StateMachineBox`1.System.Threading.Tasks.Sources.IValueTaskSource<TResult>.GetResult(Int16 token)
   at System.Net.Http.HttpConnection.SendAsync(HttpRequestMessage request, Boolean async, CancellationToken cancellationToken)
[2026-10-10 10:57:08Z ERR  BrokerServer] #####################################################
[2026-10-10 10:57:08Z ERR  BrokerServer] System.Net.Sockets.SocketException (995): La operación de E/S se anuló por una salida de subproceso o por una solicitud de aplicación.
[2026-10-10 10:57:08Z WARN BrokerServer] Back off 11,868 seconds before next retry. 4 attempt left.
[2026-10-10 10:57:08Z INFO BrokerMessageListener] Get messages has been cancelled using local token source. Continue to get messages with new status.
[2026-10-10 10:57:45Z INFO BrokerMessageListener] Acknowledging runner request 'bf4ec0f0-1a7c-5e0b-9551-e480f59bf9e7'.
[2026-10-10 10:57:46Z INFO ConfigurationStore] HasCredentials()
[2026-10-10 10:57:46Z INFO ConfigurationStore] stored True
[2026-10-10 10:57:46Z INFO CredentialManager] GetCredentialProvider
[2026-10-10 10:57:46Z INFO CredentialManager] Creating type OAuth
[2026-10-10 10:57:46Z INFO CredentialManager] Creating credential type: OAuth
[2026-10-10 10:57:46Z INFO RSAEncryptedFileKeyManager] Loading RSA key parameters from file C:\Users\CarlosC\OneDrive - Cesur-GCoremsa\Prácticas Data Center\Tareas\04 Git\proyectoGit\actions-runner\.credentials_rsaparams
[2026-10-10 10:57:46Z INFO RSAEncryptedFileKeyManager] Loading RSA key parameters from file C:\Users\CarlosC\OneDrive - Cesur-GCoremsa\Prácticas Data Center\Tareas\04 Git\proyectoGit\actions-runner\.credentials_rsaparams
[2026-10-10 10:57:46Z INFO RSAEncryptedFileKeyManager] Loading RSA key parameters from file C:\Users\CarlosC\OneDrive - Cesur-GCoremsa\Prácticas Data Center\Tareas\04 Git\proyectoGit\actions-runner\.credentials_rsaparams
[2026-10-10 10:57:46Z INFO GitHubActionsService] AAD Correlation ID for this token request: Unknown
[2026-10-10 10:57:47Z INFO JobDispatcher] Job request 0 for plan d0e4a963-43c6-8c18-a031-b6f3abed4544 job bf4ec0f0-1a7c-5e0b-9551-e480f59bf9e7 received.
[2026-10-10 10:57:47Z INFO JobDispatcher] Pull OrchestrationId d0e4a963-43c6-8c18-a031-b6f3abed4544.comparar-tokens.__default from JWT claims
[2026-10-10 10:57:47Z INFO BrokerMessageListener] Received job status event. JobState: Busy
[2026-10-10 10:57:47Z INFO BrokerMessageListener] _getMessagesTokenSource is already disposed.
[2026-10-10 10:57:47Z INFO JobDispatcher] Job request 876ccd53-1a0a-5eef-b8c4-44c2f3ed871b processed succeed.
[2026-10-10 10:57:47Z INFO Terminal] WRITE LINE: 2026-10-10 10:57:47Z: Running job: comparar-tokens
[2026-10-10 10:57:47Z INFO JobDispatcher] Start renew job request 0 for job bf4ec0f0-1a7c-5e0b-9551-e480f59bf9e7.
[2026-10-10 10:57:47Z INFO JobDispatcher] Successfully renew job bf4ec0f0-1a7c-5e0b-9551-e480f59bf9e7, job is valid till 10/10/2026 11:07:47
[2026-10-10 10:57:47Z INFO HostContext] Well known directory 'Bin': 'C:\Users\CarlosC\OneDrive - Cesur-GCoremsa\Prácticas Data Center\Tareas\04 Git\proyectoGit\actions-runner\bin'
[2026-10-10 10:57:47Z INFO ProcessInvokerWrapper] Starting process:
[2026-10-10 10:57:47Z INFO ProcessInvokerWrapper]   File name: 'C:\Users\CarlosC\OneDrive - Cesur-GCoremsa\Prácticas Data Center\Tareas\04 Git\proyectoGit\actions-runner\bin\Runner.Worker.exe'
[2026-10-10 10:57:47Z INFO ProcessInvokerWrapper]   Arguments: 'spawnclient 2488 2604'
[2026-10-10 10:57:47Z INFO ProcessInvokerWrapper]   Working directory: 'C:\Users\CarlosC\OneDrive - Cesur-GCoremsa\Prácticas Data Center\Tareas\04 Git\proyectoGit\actions-runner\bin'
[2026-10-10 10:57:47Z INFO ProcessInvokerWrapper]   Require exit code zero: 'False'
[2026-10-10 10:57:47Z INFO ProcessInvokerWrapper]   Encoding web name:  ; code page: ''
[2026-10-10 10:57:47Z INFO ProcessInvokerWrapper]   Force kill process on cancellation: 'True'
[2026-10-10 10:57:47Z INFO ProcessInvokerWrapper]   Redirected STDIN: 'False'
[2026-10-10 10:57:47Z INFO ProcessInvokerWrapper]   Persist current code page: 'False'
[2026-10-10 10:57:47Z INFO ProcessInvokerWrapper]   Keep redirected STDIN open: 'False'
[2026-10-10 10:57:47Z INFO ProcessInvokerWrapper]   High priority process: 'True'
[2026-10-10 10:57:47Z INFO ProcessInvokerWrapper] Process started with process id 9752, waiting for process exit.
[2026-10-10 10:57:47Z INFO JobDispatcher] Send job request message to worker for job bf4ec0f0-1a7c-5e0b-9551-e480f59bf9e7.
[2026-10-10 10:57:47Z INFO ProcessChannel] Sending message of length 22133, with hash '172c5167d98fd44d93f7336dbf18bebd4da667e2b493503b773c65db51408c5f'
[2026-10-10 10:57:48Z INFO JobNotification] Entering JobStarted Notification
[2026-10-10 10:57:48Z INFO JobNotification] Entering StartMonitor
[2026-10-10 10:57:51Z INFO ProcessInvokerWrapper] STDOUT/STDERR stream read finished.
[2026-10-10 10:57:51Z INFO ProcessInvokerWrapper] STDOUT/STDERR stream read finished.
[2026-10-10 10:57:51Z INFO ProcessInvokerWrapper] Finished process 9752 with exit code 102, and elapsed time 00:00:04.0091322.
[2026-10-10 10:57:51Z INFO JobDispatcher] Worker finished for job bf4ec0f0-1a7c-5e0b-9551-e480f59bf9e7. Code: 102
[2026-10-10 10:57:51Z INFO JobDispatcher] finish job request for job bf4ec0f0-1a7c-5e0b-9551-e480f59bf9e7 with result: Failed
[2026-10-10 10:57:51Z INFO Terminal] WRITE LINE: 2026-10-10 10:57:51Z: Job comparar-tokens completed with result: Failed
[2026-10-10 10:57:51Z INFO JobDispatcher] Stop renew job request for job bf4ec0f0-1a7c-5e0b-9551-e480f59bf9e7.
[2026-10-10 10:57:51Z INFO JobDispatcher] job renew has been cancelled, stop renew job bf4ec0f0-1a7c-5e0b-9551-e480f59bf9e7.
[2026-10-10 10:57:51Z INFO JobNotification] Entering JobCompleted Notification
[2026-10-10 10:57:51Z INFO JobNotification] Entering EndMonitor
[2026-10-10 10:57:51Z INFO BrokerMessageListener] Received job status event. JobState: Online
[2026-10-10 10:57:51Z WARN GitHubActionsService] GET request to https://broker.actions.githubusercontent.com/message?sessionId=c78d8282-08ec-448f-b481-9d46906c6ed4&status=Busy&runnerVersion=2.337.0&os=Windows&architecture=X64&disableUpdate=false has been cancelled.
[2026-10-10 10:57:51Z ERR  BrokerServer] Catch exception during request
[2026-10-10 10:57:51Z ERR  BrokerServer] System.Threading.Tasks.TaskCanceledException: The operation was canceled.
 ---> System.Threading.Tasks.TaskCanceledException: The operation was canceled.
 ---> System.IO.IOException: Unable to read data from the transport connection: La operación de E/S se anuló por una salida de subproceso o por una solicitud de aplicación..
 ---> System.Net.Sockets.SocketException (995): La operación de E/S se anuló por una salida de subproceso o por una solicitud de aplicación.
   --- End of inner exception stack trace ---
   at System.Net.Sockets.Socket.AwaitableSocketAsyncEventArgs.System.Threading.Tasks.Sources.IValueTaskSource<System.Int32>.GetResult(Int16 token)
   at System.Net.Security.SslStream.EnsureFullTlsFrameAsync[TIOAdapter](CancellationToken cancellationToken, Int32 estimatedSize)
   at System.Runtime.CompilerServices.PoolingAsyncValueTaskMethodBuilder`1.StateMachineBox`1.System.Threading.Tasks.Sources.IValueTaskSource<TResult>.GetResult(Int16 token)
   at System.Net.Security.SslStream.ReadAsyncInternal[TIOAdapter](Memory`1 buffer, CancellationToken cancellationToken)
   at System.Runtime.CompilerServices.PoolingAsyncValueTaskMethodBuilder`1.StateMachineBox`1.System.Threading.Tasks.Sources.IValueTaskSource<TResult>.GetResult(Int16 token)
   at System.Net.Http.HttpConnection.SendAsync(HttpRequestMessage request, Boolean async, CancellationToken cancellationToken)
   --- End of inner exception stack trace ---
   at System.Net.Http.HttpConnection.SendAsync(HttpRequestMessage request, Boolean async, CancellationToken cancellationToken)
   at System.Net.Http.AuthenticationHelper.SendWithNtAuthAsync(HttpRequestMessage request, Uri authUri, Boolean async, ICredentials credentials, Boolean isProxyAuth, HttpConnection connection, HttpConnectionPool connectionPool, CancellationToken cancellationToken)
   at System.Net.Http.HttpConnectionPool.SendWithVersionDetectionAndRetryAsync(HttpRequestMessage request, Boolean async, Boolean doRequestAuth, CancellationToken cancellationToken)
   at System.Net.Http.AuthenticationHelper.SendWithAuthAsync(HttpRequestMessage request, Uri authUri, Boolean async, ICredentials credentials, Boolean preAuthenticate, Boolean isProxyAuth, Boolean doRequestAuth, HttpConnectionPool pool, CancellationToken cancellationToken)
   at System.Net.Http.RedirectHandler.SendAsync(HttpRequestMessage request, Boolean async, CancellationToken cancellationToken)
   at GitHub.Services.Common.RawHttpMessageHandler.SendAsync(HttpRequestMessage request, CancellationToken cancellationToken)
   at GitHub.Services.Common.VssHttpRetryMessageHandler.SendAsync(HttpRequestMessage request, CancellationToken cancellationToken)
   at System.Net.Http.HttpClient.<SendAsync>g__Core|83_0(HttpRequestMessage request, HttpCompletionOption completionOption, CancellationTokenSource cts, Boolean disposeCts, CancellationTokenSource pendingRequestsCts, CancellationToken originalCancellationToken)
   --- End of inner exception stack trace ---
   at System.Net.Http.HttpClient.HandleFailure(Exception e, Boolean telemetryStarted, HttpResponseMessage response, CancellationTokenSource cts, CancellationToken cancellationToken, CancellationTokenSource pendingRequestsCts)
   at System.Net.Http.HttpClient.<SendAsync>g__Core|83_0(HttpRequestMessage request, HttpCompletionOption completionOption, CancellationTokenSource cts, Boolean disposeCts, CancellationTokenSource pendingRequestsCts, CancellationToken originalCancellationToken)
   at Sdk.WebApi.WebApi.RawHttpClientBase.SendAsync(HttpRequestMessage message, HttpCompletionOption completionOption, Object userState, CancellationToken cancellationToken)
   at Sdk.WebApi.WebApi.RawHttpClientBase.SendAsync[T](HttpRequestMessage message, Boolean readErrorBody, Object userState, CancellationToken cancellationToken)
   at Sdk.WebApi.WebApi.RawHttpClientBase.SendAsync[T](HttpMethod method, IEnumerable`1 additionalHeaders, Uri requestUri, HttpContent content, IEnumerable`1 queryParameters, Boolean readErrorBody, Object userState, CancellationToken cancellationToken)
   at GitHub.Actions.RunService.WebApi.BrokerHttpClient.GetRunnerMessageAsync(Nullable`1 sessionId, String runnerVersion, Nullable`1 status, String os, String architecture, Nullable`1 disableUpdate, CancellationToken cancellationToken)
   at GitHub.Runner.Common.BrokerServer.<>c__DisplayClass7_0.<<GetRunnerMessageAsync>b__0>d.MoveNext()
--- End of stack trace from previous location ---
   at GitHub.Runner.Common.RunnerService.RetryRequest[T](Func`1 func, CancellationToken cancellationToken, Int32 maxAttempts, Func`2 shouldRetry)
[2026-10-10 10:57:51Z ERR  BrokerServer] #####################################################
[2026-10-10 10:57:51Z ERR  BrokerServer] System.Threading.Tasks.TaskCanceledException: The operation was canceled.
 ---> System.IO.IOException: Unable to read data from the transport connection: La operación de E/S se anuló por una salida de subproceso o por una solicitud de aplicación..
 ---> System.Net.Sockets.SocketException (995): La operación de E/S se anuló por una salida de subproceso o por una solicitud de aplicación.
   --- End of inner exception stack trace ---
   at System.Net.Sockets.Socket.AwaitableSocketAsyncEventArgs.System.Threading.Tasks.Sources.IValueTaskSource<System.Int32>.GetResult(Int16 token)
   at System.Net.Security.SslStream.EnsureFullTlsFrameAsync[TIOAdapter](CancellationToken cancellationToken, Int32 estimatedSize)
   at System.Runtime.CompilerServices.PoolingAsyncValueTaskMethodBuilder`1.StateMachineBox`1.System.Threading.Tasks.Sources.IValueTaskSource<TResult>.GetResult(Int16 token)
   at System.Net.Security.SslStream.ReadAsyncInternal[TIOAdapter](Memory`1 buffer, CancellationToken cancellationToken)
   at System.Runtime.CompilerServices.PoolingAsyncValueTaskMethodBuilder`1.StateMachineBox`1.System.Threading.Tasks.Sources.IValueTaskSource<TResult>.GetResult(Int16 token)
   at System.Net.Http.HttpConnection.SendAsync(HttpRequestMessage request, Boolean async, CancellationToken cancellationToken)
   --- End of inner exception stack trace ---
   at System.Net.Http.HttpConnection.SendAsync(HttpRequestMessage request, Boolean async, CancellationToken cancellationToken)
   at System.Net.Http.AuthenticationHelper.SendWithNtAuthAsync(HttpRequestMessage request, Uri authUri, Boolean async, ICredentials credentials, Boolean isProxyAuth, HttpConnection connection, HttpConnectionPool connectionPool, CancellationToken cancellationToken)
   at System.Net.Http.HttpConnectionPool.SendWithVersionDetectionAndRetryAsync(HttpRequestMessage request, Boolean async, Boolean doRequestAuth, CancellationToken cancellationToken)
   at System.Net.Http.AuthenticationHelper.SendWithAuthAsync(HttpRequestMessage request, Uri authUri, Boolean async, ICredentials credentials, Boolean preAuthenticate, Boolean isProxyAuth, Boolean doRequestAuth, HttpConnectionPool pool, CancellationToken cancellationToken)
   at System.Net.Http.RedirectHandler.SendAsync(HttpRequestMessage request, Boolean async, CancellationToken cancellationToken)
   at GitHub.Services.Common.RawHttpMessageHandler.SendAsync(HttpRequestMessage request, CancellationToken cancellationToken)
   at GitHub.Services.Common.VssHttpRetryMessageHandler.SendAsync(HttpRequestMessage request, CancellationToken cancellationToken)
   at System.Net.Http.HttpClient.<SendAsync>g__Core|83_0(HttpRequestMessage request, HttpCompletionOption completionOption, CancellationTokenSource cts, Boolean disposeCts, CancellationTokenSource pendingRequestsCts, CancellationToken originalCancellationToken)
[2026-10-10 10:57:51Z ERR  BrokerServer] #####################################################
[2026-10-10 10:57:51Z ERR  BrokerServer] System.IO.IOException: Unable to read data from the transport connection: La operación de E/S se anuló por una salida de subproceso o por una solicitud de aplicación..
 ---> System.Net.Sockets.SocketException (995): La operación de E/S se anuló por una salida de subproceso o por una solicitud de aplicación.
   --- End of inner exception stack trace ---
   at System.Net.Sockets.Socket.AwaitableSocketAsyncEventArgs.System.Threading.Tasks.Sources.IValueTaskSource<System.Int32>.GetResult(Int16 token)
   at System.Net.Security.SslStream.EnsureFullTlsFrameAsync[TIOAdapter](CancellationToken cancellationToken, Int32 estimatedSize)
   at System.Runtime.CompilerServices.PoolingAsyncValueTaskMethodBuilder`1.StateMachineBox`1.System.Threading.Tasks.Sources.IValueTaskSource<TResult>.GetResult(Int16 token)
   at System.Net.Security.SslStream.ReadAsyncInternal[TIOAdapter](Memory`1 buffer, CancellationToken cancellationToken)
   at System.Runtime.CompilerServices.PoolingAsyncValueTaskMethodBuilder`1.StateMachineBox`1.System.Threading.Tasks.Sources.IValueTaskSource<TResult>.GetResult(Int16 token)
   at System.Net.Http.HttpConnection.SendAsync(HttpRequestMessage request, Boolean async, CancellationToken cancellationToken)
[2026-10-10 10:57:51Z ERR  BrokerServer] #####################################################
[2026-10-10 10:57:51Z ERR  BrokerServer] System.Net.Sockets.SocketException (995): La operación de E/S se anuló por una salida de subproceso o por una solicitud de aplicación.
[2026-10-10 10:57:51Z WARN BrokerServer] Back off 12,256 seconds before next retry. 4 attempt left.
[2026-10-10 10:57:51Z INFO BrokerMessageListener] Get messages has been cancelled using local token source. Continue to get messages with new status.
[2026-10-10 11:02:53Z INFO BrokerMessageListener] Acknowledging runner request '0add8476-d74a-5c1f-a3b3-a52db1c23dca'.
[2026-10-10 11:02:53Z INFO ConfigurationStore] HasCredentials()
[2026-10-10 11:02:53Z INFO ConfigurationStore] stored True
[2026-10-10 11:02:53Z INFO CredentialManager] GetCredentialProvider
[2026-10-10 11:02:53Z INFO CredentialManager] Creating type OAuth
[2026-10-10 11:02:53Z INFO CredentialManager] Creating credential type: OAuth
[2026-10-10 11:02:53Z INFO RSAEncryptedFileKeyManager] Loading RSA key parameters from file C:\Users\CarlosC\OneDrive - Cesur-GCoremsa\Prácticas Data Center\Tareas\04 Git\proyectoGit\actions-runner\.credentials_rsaparams
[2026-10-10 11:02:53Z INFO RSAEncryptedFileKeyManager] Loading RSA key parameters from file C:\Users\CarlosC\OneDrive - Cesur-GCoremsa\Prácticas Data Center\Tareas\04 Git\proyectoGit\actions-runner\.credentials_rsaparams
[2026-10-10 11:02:53Z INFO RSAEncryptedFileKeyManager] Loading RSA key parameters from file C:\Users\CarlosC\OneDrive - Cesur-GCoremsa\Prácticas Data Center\Tareas\04 Git\proyectoGit\actions-runner\.credentials_rsaparams
[2026-10-10 11:02:54Z INFO GitHubActionsService] AAD Correlation ID for this token request: Unknown
[2026-10-10 11:02:55Z INFO JobDispatcher] Job request 0 for plan 35076f2f-6495-8aac-89dd-c49581bbd0f9 job 0add8476-d74a-5c1f-a3b3-a52db1c23dca received.
[2026-10-10 11:02:55Z INFO JobDispatcher] Pull OrchestrationId 35076f2f-6495-8aac-89dd-c49581bbd0f9.comparar-tokens.__default from JWT claims
[2026-10-10 11:02:55Z INFO BrokerMessageListener] Received job status event. JobState: Busy
[2026-10-10 11:02:55Z INFO BrokerMessageListener] _getMessagesTokenSource is already disposed.
[2026-10-10 11:02:55Z INFO JobDispatcher] Job request bf4ec0f0-1a7c-5e0b-9551-e480f59bf9e7 processed succeed.
[2026-10-10 11:02:55Z INFO Terminal] WRITE LINE: 2026-10-10 11:02:55Z: Running job: comparar-tokens
[2026-10-10 11:02:55Z INFO JobDispatcher] Start renew job request 0 for job 0add8476-d74a-5c1f-a3b3-a52db1c23dca.
[2026-10-10 11:02:55Z INFO JobDispatcher] Successfully renew job 0add8476-d74a-5c1f-a3b3-a52db1c23dca, job is valid till 10/10/2026 11:12:54
[2026-10-10 11:02:55Z INFO HostContext] Well known directory 'Bin': 'C:\Users\CarlosC\OneDrive - Cesur-GCoremsa\Prácticas Data Center\Tareas\04 Git\proyectoGit\actions-runner\bin'
[2026-10-10 11:02:55Z INFO ProcessInvokerWrapper] Starting process:
[2026-10-10 11:02:55Z INFO ProcessInvokerWrapper]   File name: 'C:\Users\CarlosC\OneDrive - Cesur-GCoremsa\Prácticas Data Center\Tareas\04 Git\proyectoGit\actions-runner\bin\Runner.Worker.exe'
[2026-10-10 11:02:55Z INFO ProcessInvokerWrapper]   Arguments: 'spawnclient 1408 2456'
[2026-10-10 11:02:55Z INFO ProcessInvokerWrapper]   Working directory: 'C:\Users\CarlosC\OneDrive - Cesur-GCoremsa\Prácticas Data Center\Tareas\04 Git\proyectoGit\actions-runner\bin'
[2026-10-10 11:02:55Z INFO ProcessInvokerWrapper]   Require exit code zero: 'False'
[2026-10-10 11:02:55Z INFO ProcessInvokerWrapper]   Encoding web name:  ; code page: ''
[2026-10-10 11:02:55Z INFO ProcessInvokerWrapper]   Force kill process on cancellation: 'True'
[2026-10-10 11:02:55Z INFO ProcessInvokerWrapper]   Redirected STDIN: 'False'
[2026-10-10 11:02:55Z INFO ProcessInvokerWrapper]   Persist current code page: 'False'
[2026-10-10 11:02:55Z INFO ProcessInvokerWrapper]   Keep redirected STDIN open: 'False'
[2026-10-10 11:02:55Z INFO ProcessInvokerWrapper]   High priority process: 'True'
[2026-10-10 11:02:55Z INFO ProcessInvokerWrapper] Process started with process id 13224, waiting for process exit.
[2026-10-10 11:02:55Z INFO JobDispatcher] Send job request message to worker for job 0add8476-d74a-5c1f-a3b3-a52db1c23dca.
[2026-10-10 11:02:55Z INFO ProcessChannel] Sending message of length 22134, with hash '1814e33567e1c5ea95e079e82efe9b585581d69d0d7d5530f55fd2572abae6e0'
[2026-10-10 11:02:55Z INFO JobNotification] Entering JobStarted Notification
[2026-10-10 11:02:55Z INFO JobNotification] Entering StartMonitor
[2026-10-10 11:02:59Z INFO ProcessInvokerWrapper] STDOUT/STDERR stream read finished.
[2026-10-10 11:02:59Z INFO ProcessInvokerWrapper] STDOUT/STDERR stream read finished.
[2026-10-10 11:02:59Z INFO ProcessInvokerWrapper] Finished process 13224 with exit code 102, and elapsed time 00:00:03.9859648.
[2026-10-10 11:02:59Z INFO JobDispatcher] Worker finished for job 0add8476-d74a-5c1f-a3b3-a52db1c23dca. Code: 102
[2026-10-10 11:02:59Z INFO JobDispatcher] finish job request for job 0add8476-d74a-5c1f-a3b3-a52db1c23dca with result: Failed
[2026-10-10 11:02:59Z INFO Terminal] WRITE LINE: 2026-10-10 11:02:59Z: Job comparar-tokens completed with result: Failed
[2026-10-10 11:02:59Z INFO JobDispatcher] Stop renew job request for job 0add8476-d74a-5c1f-a3b3-a52db1c23dca.
[2026-10-10 11:02:59Z INFO JobDispatcher] job renew has been cancelled, stop renew job 0add8476-d74a-5c1f-a3b3-a52db1c23dca.
[2026-10-10 11:02:59Z INFO JobNotification] Entering JobCompleted Notification
[2026-10-10 11:02:59Z INFO JobNotification] Entering EndMonitor
[2026-10-10 11:02:59Z INFO BrokerMessageListener] Received job status event. JobState: Online
[2026-10-10 11:02:59Z WARN GitHubActionsService] GET request to https://broker.actions.githubusercontent.com/message?sessionId=c78d8282-08ec-448f-b481-9d46906c6ed4&status=Busy&runnerVersion=2.337.0&os=Windows&architecture=X64&disableUpdate=false has been cancelled.
[2026-10-10 11:02:59Z ERR  BrokerServer] Catch exception during request
[2026-10-10 11:02:59Z ERR  BrokerServer] System.Threading.Tasks.TaskCanceledException: The operation was canceled.
 ---> System.Threading.Tasks.TaskCanceledException: The operation was canceled.
 ---> System.IO.IOException: Unable to read data from the transport connection: La operación de E/S se anuló por una salida de subproceso o por una solicitud de aplicación..
 ---> System.Net.Sockets.SocketException (995): La operación de E/S se anuló por una salida de subproceso o por una solicitud de aplicación.
   --- End of inner exception stack trace ---
   at System.Net.Sockets.Socket.AwaitableSocketAsyncEventArgs.System.Threading.Tasks.Sources.IValueTaskSource<System.Int32>.GetResult(Int16 token)
   at System.Net.Security.SslStream.EnsureFullTlsFrameAsync[TIOAdapter](CancellationToken cancellationToken, Int32 estimatedSize)
   at System.Runtime.CompilerServices.PoolingAsyncValueTaskMethodBuilder`1.StateMachineBox`1.System.Threading.Tasks.Sources.IValueTaskSource<TResult>.GetResult(Int16 token)
   at System.Net.Security.SslStream.ReadAsyncInternal[TIOAdapter](Memory`1 buffer, CancellationToken cancellationToken)
   at System.Runtime.CompilerServices.PoolingAsyncValueTaskMethodBuilder`1.StateMachineBox`1.System.Threading.Tasks.Sources.IValueTaskSource<TResult>.GetResult(Int16 token)
   at System.Net.Http.HttpConnection.SendAsync(HttpRequestMessage request, Boolean async, CancellationToken cancellationToken)
   --- End of inner exception stack trace ---
   at System.Net.Http.HttpConnection.SendAsync(HttpRequestMessage request, Boolean async, CancellationToken cancellationToken)
   at System.Net.Http.AuthenticationHelper.SendWithNtAuthAsync(HttpRequestMessage request, Uri authUri, Boolean async, ICredentials credentials, Boolean isProxyAuth, HttpConnection connection, HttpConnectionPool connectionPool, CancellationToken cancellationToken)
   at System.Net.Http.HttpConnectionPool.SendWithVersionDetectionAndRetryAsync(HttpRequestMessage request, Boolean async, Boolean doRequestAuth, CancellationToken cancellationToken)
   at System.Net.Http.AuthenticationHelper.SendWithAuthAsync(HttpRequestMessage request, Uri authUri, Boolean async, ICredentials credentials, Boolean preAuthenticate, Boolean isProxyAuth, Boolean doRequestAuth, HttpConnectionPool pool, CancellationToken cancellationToken)
   at System.Net.Http.RedirectHandler.SendAsync(HttpRequestMessage request, Boolean async, CancellationToken cancellationToken)
   at GitHub.Services.Common.RawHttpMessageHandler.SendAsync(HttpRequestMessage request, CancellationToken cancellationToken)
   at GitHub.Services.Common.VssHttpRetryMessageHandler.SendAsync(HttpRequestMessage request, CancellationToken cancellationToken)
   at System.Net.Http.HttpClient.<SendAsync>g__Core|83_0(HttpRequestMessage request, HttpCompletionOption completionOption, CancellationTokenSource cts, Boolean disposeCts, CancellationTokenSource pendingRequestsCts, CancellationToken originalCancellationToken)
   --- End of inner exception stack trace ---
   at System.Net.Http.HttpClient.HandleFailure(Exception e, Boolean telemetryStarted, HttpResponseMessage response, CancellationTokenSource cts, CancellationToken cancellationToken, CancellationTokenSource pendingRequestsCts)
   at System.Net.Http.HttpClient.<SendAsync>g__Core|83_0(HttpRequestMessage request, HttpCompletionOption completionOption, CancellationTokenSource cts, Boolean disposeCts, CancellationTokenSource pendingRequestsCts, CancellationToken originalCancellationToken)
   at Sdk.WebApi.WebApi.RawHttpClientBase.SendAsync(HttpRequestMessage message, HttpCompletionOption completionOption, Object userState, CancellationToken cancellationToken)
   at Sdk.WebApi.WebApi.RawHttpClientBase.SendAsync[T](HttpRequestMessage message, Boolean readErrorBody, Object userState, CancellationToken cancellationToken)
   at Sdk.WebApi.WebApi.RawHttpClientBase.SendAsync[T](HttpMethod method, IEnumerable`1 additionalHeaders, Uri requestUri, HttpContent content, IEnumerable`1 queryParameters, Boolean readErrorBody, Object userState, CancellationToken cancellationToken)
   at GitHub.Actions.RunService.WebApi.BrokerHttpClient.GetRunnerMessageAsync(Nullable`1 sessionId, String runnerVersion, Nullable`1 status, String os, String architecture, Nullable`1 disableUpdate, CancellationToken cancellationToken)
   at GitHub.Runner.Common.BrokerServer.<>c__DisplayClass7_0.<<GetRunnerMessageAsync>b__0>d.MoveNext()
--- End of stack trace from previous location ---
   at GitHub.Runner.Common.RunnerService.RetryRequest[T](Func`1 func, CancellationToken cancellationToken, Int32 maxAttempts, Func`2 shouldRetry)
[2026-10-10 11:02:59Z ERR  BrokerServer] #####################################################
[2026-10-10 11:02:59Z ERR  BrokerServer] System.Threading.Tasks.TaskCanceledException: The operation was canceled.
 ---> System.IO.IOException: Unable to read data from the transport connection: La operación de E/S se anuló por una salida de subproceso o por una solicitud de aplicación..
 ---> System.Net.Sockets.SocketException (995): La operación de E/S se anuló por una salida de subproceso o por una solicitud de aplicación.
   --- End of inner exception stack trace ---
   at System.Net.Sockets.Socket.AwaitableSocketAsyncEventArgs.System.Threading.Tasks.Sources.IValueTaskSource<System.Int32>.GetResult(Int16 token)
   at System.Net.Security.SslStream.EnsureFullTlsFrameAsync[TIOAdapter](CancellationToken cancellationToken, Int32 estimatedSize)
   at System.Runtime.CompilerServices.PoolingAsyncValueTaskMethodBuilder`1.StateMachineBox`1.System.Threading.Tasks.Sources.IValueTaskSource<TResult>.GetResult(Int16 token)
   at System.Net.Security.SslStream.ReadAsyncInternal[TIOAdapter](Memory`1 buffer, CancellationToken cancellationToken)
   at System.Runtime.CompilerServices.PoolingAsyncValueTaskMethodBuilder`1.StateMachineBox`1.System.Threading.Tasks.Sources.IValueTaskSource<TResult>.GetResult(Int16 token)
   at System.Net.Http.HttpConnection.SendAsync(HttpRequestMessage request, Boolean async, CancellationToken cancellationToken)
   --- End of inner exception stack trace ---
   at System.Net.Http.HttpConnection.SendAsync(HttpRequestMessage request, Boolean async, CancellationToken cancellationToken)
   at System.Net.Http.AuthenticationHelper.SendWithNtAuthAsync(HttpRequestMessage request, Uri authUri, Boolean async, ICredentials credentials, Boolean isProxyAuth, HttpConnection connection, HttpConnectionPool connectionPool, CancellationToken cancellationToken)
   at System.Net.Http.HttpConnectionPool.SendWithVersionDetectionAndRetryAsync(HttpRequestMessage request, Boolean async, Boolean doRequestAuth, CancellationToken cancellationToken)
   at System.Net.Http.AuthenticationHelper.SendWithAuthAsync(HttpRequestMessage request, Uri authUri, Boolean async, ICredentials credentials, Boolean preAuthenticate, Boolean isProxyAuth, Boolean doRequestAuth, HttpConnectionPool pool, CancellationToken cancellationToken)
   at System.Net.Http.RedirectHandler.SendAsync(HttpRequestMessage request, Boolean async, CancellationToken cancellationToken)
   at GitHub.Services.Common.RawHttpMessageHandler.SendAsync(HttpRequestMessage request, CancellationToken cancellationToken)
   at GitHub.Services.Common.VssHttpRetryMessageHandler.SendAsync(HttpRequestMessage request, CancellationToken cancellationToken)
   at System.Net.Http.HttpClient.<SendAsync>g__Core|83_0(HttpRequestMessage request, HttpCompletionOption completionOption, CancellationTokenSource cts, Boolean disposeCts, CancellationTokenSource pendingRequestsCts, CancellationToken originalCancellationToken)
[2026-10-10 11:02:59Z ERR  BrokerServer] #####################################################
[2026-10-10 11:02:59Z ERR  BrokerServer] System.IO.IOException: Unable to read data from the transport connection: La operación de E/S se anuló por una salida de subproceso o por una solicitud de aplicación..
 ---> System.Net.Sockets.SocketException (995): La operación de E/S se anuló por una salida de subproceso o por una solicitud de aplicación.
   --- End of inner exception stack trace ---
   at System.Net.Sockets.Socket.AwaitableSocketAsyncEventArgs.System.Threading.Tasks.Sources.IValueTaskSource<System.Int32>.GetResult(Int16 token)
   at System.Net.Security.SslStream.EnsureFullTlsFrameAsync[TIOAdapter](CancellationToken cancellationToken, Int32 estimatedSize)
   at System.Runtime.CompilerServices.PoolingAsyncValueTaskMethodBuilder`1.StateMachineBox`1.System.Threading.Tasks.Sources.IValueTaskSource<TResult>.GetResult(Int16 token)
   at System.Net.Security.SslStream.ReadAsyncInternal[TIOAdapter](Memory`1 buffer, CancellationToken cancellationToken)
   at System.Runtime.CompilerServices.PoolingAsyncValueTaskMethodBuilder`1.StateMachineBox`1.System.Threading.Tasks.Sources.IValueTaskSource<TResult>.GetResult(Int16 token)
   at System.Net.Http.HttpConnection.SendAsync(HttpRequestMessage request, Boolean async, CancellationToken cancellationToken)
[2026-10-10 11:02:59Z ERR  BrokerServer] #####################################################
[2026-10-10 11:02:59Z ERR  BrokerServer] System.Net.Sockets.SocketException (995): La operación de E/S se anuló por una salida de subproceso o por una solicitud de aplicación.
[2026-10-10 11:02:59Z WARN BrokerServer] Back off 5,035 seconds before next retry. 4 attempt left.
[2026-10-10 11:02:59Z INFO BrokerMessageListener] Get messages has been cancelled using local token source. Continue to get messages with new status.
[2026-10-10 11:11:12Z INFO Terminal] WRITE LINE: Exiting...
[2026-10-10 11:11:12Z INFO ConfigurationStore] IsServiceConfigured()
[2026-10-10 11:11:12Z INFO ConfigurationStore] IsServiceConfigured: False
[2026-10-10 11:11:12Z INFO HostContext] Runner will be shutdown for UserCancelled
[2026-10-10 11:11:12Z WARN GitHubActionsService] GET request to https://broker.actions.githubusercontent.com/message?sessionId=c78d8282-08ec-448f-b481-9d46906c6ed4&status=Online&runnerVersion=2.337.0&os=Windows&architecture=X64&disableUpdate=false has been cancelled.
[2026-10-10 11:11:12Z ERR  BrokerServer] Catch exception during request
[2026-10-10 11:11:12Z ERR  BrokerServer] System.Threading.Tasks.TaskCanceledException: The operation was canceled.
 ---> System.Threading.Tasks.TaskCanceledException: The operation was canceled.
 ---> System.IO.IOException: Unable to read data from the transport connection: La operación de E/S se anuló por una salida de subproceso o por una solicitud de aplicación..
 ---> System.Net.Sockets.SocketException (995): La operación de E/S se anuló por una salida de subproceso o por una solicitud de aplicación.
   --- End of inner exception stack trace ---
   at System.Net.Sockets.Socket.AwaitableSocketAsyncEventArgs.System.Threading.Tasks.Sources.IValueTaskSource<System.Int32>.GetResult(Int16 token)
   at System.Net.Security.SslStream.EnsureFullTlsFrameAsync[TIOAdapter](CancellationToken cancellationToken, Int32 estimatedSize)
   at System.Runtime.CompilerServices.PoolingAsyncValueTaskMethodBuilder`1.StateMachineBox`1.System.Threading.Tasks.Sources.IValueTaskSource<TResult>.GetResult(Int16 token)
   at System.Net.Security.SslStream.ReadAsyncInternal[TIOAdapter](Memory`1 buffer, CancellationToken cancellationToken)
   at System.Runtime.CompilerServices.PoolingAsyncValueTaskMethodBuilder`1.StateMachineBox`1.System.Threading.Tasks.Sources.IValueTaskSource<TResult>.GetResult(Int16 token)
   at System.Net.Http.HttpConnection.SendAsync(HttpRequestMessage request, Boolean async, CancellationToken cancellationToken)
   --- End of inner exception stack trace ---
   at System.Net.Http.HttpConnection.SendAsync(HttpRequestMessage request, Boolean async, CancellationToken cancellationToken)
   at System.Net.Http.AuthenticationHelper.SendWithNtAuthAsync(HttpRequestMessage request, Uri authUri, Boolean async, ICredentials credentials, Boolean isProxyAuth, HttpConnection connection, HttpConnectionPool connectionPool, CancellationToken cancellationToken)
   at System.Net.Http.HttpConnectionPool.SendWithVersionDetectionAndRetryAsync(HttpRequestMessage request, Boolean async, Boolean doRequestAuth, CancellationToken cancellationToken)
   at System.Net.Http.AuthenticationHelper.SendWithAuthAsync(HttpRequestMessage request, Uri authUri, Boolean async, ICredentials credentials, Boolean preAuthenticate, Boolean isProxyAuth, Boolean doRequestAuth, HttpConnectionPool pool, CancellationToken cancellationToken)
   at System.Net.Http.RedirectHandler.SendAsync(HttpRequestMessage request, Boolean async, CancellationToken cancellationToken)
   at GitHub.Services.Common.RawHttpMessageHandler.SendAsync(HttpRequestMessage request, CancellationToken cancellationToken)
   at GitHub.Services.Common.VssHttpRetryMessageHandler.SendAsync(HttpRequestMessage request, CancellationToken cancellationToken)
   at System.Net.Http.HttpClient.<SendAsync>g__Core|83_0(HttpRequestMessage request, HttpCompletionOption completionOption, CancellationTokenSource cts, Boolean disposeCts, CancellationTokenSource pendingRequestsCts, CancellationToken originalCancellationToken)
   --- End of inner exception stack trace ---
   at System.Net.Http.HttpClient.HandleFailure(Exception e, Boolean telemetryStarted, HttpResponseMessage response, CancellationTokenSource cts, CancellationToken cancellationToken, CancellationTokenSource pendingRequestsCts)
   at System.Net.Http.HttpClient.<SendAsync>g__Core|83_0(HttpRequestMessage request, HttpCompletionOption completionOption, CancellationTokenSource cts, Boolean disposeCts, CancellationTokenSource pendingRequestsCts, CancellationToken originalCancellationToken)
   at Sdk.WebApi.WebApi.RawHttpClientBase.SendAsync(HttpRequestMessage message, HttpCompletionOption completionOption, Object userState, CancellationToken cancellationToken)
   at Sdk.WebApi.WebApi.RawHttpClientBase.SendAsync[T](HttpRequestMessage message, Boolean readErrorBody, Object userState, CancellationToken cancellationToken)
   at Sdk.WebApi.WebApi.RawHttpClientBase.SendAsync[T](HttpMethod method, IEnumerable`1 additionalHeaders, Uri requestUri, HttpContent content, IEnumerable`1 queryParameters, Boolean readErrorBody, Object userState, CancellationToken cancellationToken)
   at GitHub.Actions.RunService.WebApi.BrokerHttpClient.GetRunnerMessageAsync(Nullable`1 sessionId, String runnerVersion, Nullable`1 status, String os, String architecture, Nullable`1 disableUpdate, CancellationToken cancellationToken)
   at GitHub.Runner.Common.BrokerServer.<>c__DisplayClass7_0.<<GetRunnerMessageAsync>b__0>d.MoveNext()
--- End of stack trace from previous location ---
   at GitHub.Runner.Common.RunnerService.RetryRequest[T](Func`1 func, CancellationToken cancellationToken, Int32 maxAttempts, Func`2 shouldRetry)
[2026-10-10 11:11:12Z ERR  BrokerServer] #####################################################
[2026-10-10 11:11:12Z ERR  BrokerServer] System.Threading.Tasks.TaskCanceledException: The operation was canceled.
 ---> System.IO.IOException: Unable to read data from the transport connection: La operación de E/S se anuló por una salida de subproceso o por una solicitud de aplicación..
 ---> System.Net.Sockets.SocketException (995): La operación de E/S se anuló por una salida de subproceso o por una solicitud de aplicación.
   --- End of inner exception stack trace ---
   at System.Net.Sockets.Socket.AwaitableSocketAsyncEventArgs.System.Threading.Tasks.Sources.IValueTaskSource<System.Int32>.GetResult(Int16 token)
   at System.Net.Security.SslStream.EnsureFullTlsFrameAsync[TIOAdapter](CancellationToken cancellationToken, Int32 estimatedSize)
   at System.Runtime.CompilerServices.PoolingAsyncValueTaskMethodBuilder`1.StateMachineBox`1.System.Threading.Tasks.Sources.IValueTaskSource<TResult>.GetResult(Int16 token)
   at System.Net.Security.SslStream.ReadAsyncInternal[TIOAdapter](Memory`1 buffer, CancellationToken cancellationToken)
   at System.Runtime.CompilerServices.PoolingAsyncValueTaskMethodBuilder`1.StateMachineBox`1.System.Threading.Tasks.Sources.IValueTaskSource<TResult>.GetResult(Int16 token)
   at System.Net.Http.HttpConnection.SendAsync(HttpRequestMessage request, Boolean async, CancellationToken cancellationToken)
   --- End of inner exception stack trace ---
   at System.Net.Http.HttpConnection.SendAsync(HttpRequestMessage request, Boolean async, CancellationToken cancellationToken)
   at System.Net.Http.AuthenticationHelper.SendWithNtAuthAsync(HttpRequestMessage request, Uri authUri, Boolean async, ICredentials credentials, Boolean isProxyAuth, HttpConnection connection, HttpConnectionPool connectionPool, CancellationToken cancellationToken)
   at System.Net.Http.HttpConnectionPool.SendWithVersionDetectionAndRetryAsync(HttpRequestMessage request, Boolean async, Boolean doRequestAuth, CancellationToken cancellationToken)
   at System.Net.Http.AuthenticationHelper.SendWithAuthAsync(HttpRequestMessage request, Uri authUri, Boolean async, ICredentials credentials, Boolean preAuthenticate, Boolean isProxyAuth, Boolean doRequestAuth, HttpConnectionPool pool, CancellationToken cancellationToken)
   at System.Net.Http.RedirectHandler.SendAsync(HttpRequestMessage request, Boolean async, CancellationToken cancellationToken)
   at GitHub.Services.Common.RawHttpMessageHandler.SendAsync(HttpRequestMessage request, CancellationToken cancellationToken)
   at GitHub.Services.Common.VssHttpRetryMessageHandler.SendAsync(HttpRequestMessage request, CancellationToken cancellationToken)
   at System.Net.Http.HttpClient.<SendAsync>g__Core|83_0(HttpRequestMessage request, HttpCompletionOption completionOption, CancellationTokenSource cts, Boolean disposeCts, CancellationTokenSource pendingRequestsCts, CancellationToken originalCancellationToken)
[2026-10-10 11:11:12Z ERR  BrokerServer] #####################################################
[2026-10-10 11:11:12Z ERR  BrokerServer] System.IO.IOException: Unable to read data from the transport connection: La operación de E/S se anuló por una salida de subproceso o por una solicitud de aplicación..
 ---> System.Net.Sockets.SocketException (995): La operación de E/S se anuló por una salida de subproceso o por una solicitud de aplicación.
   --- End of inner exception stack trace ---
   at System.Net.Sockets.Socket.AwaitableSocketAsyncEventArgs.System.Threading.Tasks.Sources.IValueTaskSource<System.Int32>.GetResult(Int16 token)
   at System.Net.Security.SslStream.EnsureFullTlsFrameAsync[TIOAdapter](CancellationToken cancellationToken, Int32 estimatedSize)
   at System.Runtime.CompilerServices.PoolingAsyncValueTaskMethodBuilder`1.StateMachineBox`1.System.Threading.Tasks.Sources.IValueTaskSource<TResult>.GetResult(Int16 token)
   at System.Net.Security.SslStream.ReadAsyncInternal[TIOAdapter](Memory`1 buffer, CancellationToken cancellationToken)
   at System.Runtime.CompilerServices.PoolingAsyncValueTaskMethodBuilder`1.StateMachineBox`1.System.Threading.Tasks.Sources.IValueTaskSource<TResult>.GetResult(Int16 token)
   at System.Net.Http.HttpConnection.SendAsync(HttpRequestMessage request, Boolean async, CancellationToken cancellationToken)
[2026-10-10 11:11:12Z ERR  BrokerServer] #####################################################
[2026-10-10 11:11:12Z ERR  BrokerServer] System.Net.Sockets.SocketException (995): La operación de E/S se anuló por una salida de subproceso o por una solicitud de aplicación.
[2026-10-10 11:11:12Z WARN BrokerServer] Back off 10,657 seconds before next retry. 4 attempt left.
[2026-10-10 11:11:12Z INFO BrokerMessageListener] Get next message has been cancelled.
[2026-10-10 11:11:12Z INFO JobDispatcher] Shutting down JobDispatcher. Make sure all WorkerDispatcher has finished.
[2026-10-10 11:11:12Z INFO JobDispatcher] Ensure WorkerDispatcher for job 0add8476-d74a-5c1f-a3b3-a52db1c23dca run to finish, cancel any running job.
[2026-10-10 11:11:12Z INFO JobDispatcher] Job request 0add8476-d74a-5c1f-a3b3-a52db1c23dca processed succeed.
[2026-10-10 11:11:12Z INFO Runner] Deleting Runner Session...
[2026-10-10 11:11:13Z INFO Listener] Runner execution been cancelled.
