[2026-10-10 11:10:17Z INFO HostContext] No proxy settings were found based on environmental variables (http_proxy/https_proxy/HTTP_PROXY/HTTPS_PROXY)
[2026-10-10 11:10:17Z INFO HostContext] Well known directory 'Bin': 'C:\Users\CarlosC\OneDrive - Cesur-GCoremsa\Prácticas Data Center\Tareas\04 Git\proyectoGit\actions-runner\bin'
[2026-10-10 11:10:17Z INFO HostContext] Well known directory 'Root': 'C:\Users\CarlosC\OneDrive - Cesur-GCoremsa\Prácticas Data Center\Tareas\04 Git\proyectoGit\actions-runner'
[2026-10-10 11:10:17Z INFO HostContext] Well known config file 'Credentials': 'C:\Users\CarlosC\OneDrive - Cesur-GCoremsa\Prácticas Data Center\Tareas\04 Git\proyectoGit\actions-runner\.credentials'
[2026-10-10 11:10:17Z INFO HostContext] Well known directory 'Bin': 'C:\Users\CarlosC\OneDrive - Cesur-GCoremsa\Prácticas Data Center\Tareas\04 Git\proyectoGit\actions-runner\bin'
[2026-10-10 11:10:17Z INFO HostContext] Well known directory 'Root': 'C:\Users\CarlosC\OneDrive - Cesur-GCoremsa\Prácticas Data Center\Tareas\04 Git\proyectoGit\actions-runner'
[2026-10-10 11:10:17Z INFO HostContext] Well known config file 'Runner': 'C:\Users\CarlosC\OneDrive - Cesur-GCoremsa\Prácticas Data Center\Tareas\04 Git\proyectoGit\actions-runner\.runner'
[2026-10-10 11:10:17Z INFO Listener] Runner is built for Windows (X64) - win-x64.
[2026-10-10 11:10:17Z INFO Listener] RuntimeInformation: Microsoft Windows 10.0.26300.
[2026-10-10 11:10:17Z INFO Listener] Version: 2.337.0
[2026-10-10 11:10:17Z INFO Listener] Commit: 397b032cbf865e9c3ddfab89d533ec19325e1273
[2026-10-10 11:10:17Z INFO Listener] Culture: es-ES
[2026-10-10 11:10:17Z INFO Listener] UI Culture: es-ES
[2026-10-10 11:10:17Z INFO HostContext] Well known directory 'Bin': 'C:\Users\CarlosC\OneDrive - Cesur-GCoremsa\Prácticas Data Center\Tareas\04 Git\proyectoGit\actions-runner\bin'
[2026-10-10 11:10:17Z INFO HostContext] Well known directory 'Root': 'C:\Users\CarlosC\OneDrive - Cesur-GCoremsa\Prácticas Data Center\Tareas\04 Git\proyectoGit\actions-runner'
[2026-10-10 11:10:17Z INFO Listener] Validating directory permissions for: 'C:\Users\CarlosC\OneDrive - Cesur-GCoremsa\Prácticas Data Center\Tareas\04 Git\proyectoGit\actions-runner'
[2026-10-10 11:10:17Z INFO CommandLineParser] Parse
[2026-10-10 11:10:17Z INFO CommandLineParser] Parsing 1 args
[2026-10-10 11:10:17Z INFO CommandLineParser] parsing argument
[2026-10-10 11:10:17Z INFO CommandLineParser] HasArgs: False
[2026-10-10 11:10:17Z INFO CommandLineParser] Adding Command: run
[2026-10-10 11:10:17Z INFO Listener] Arguments parsed
[2026-10-10 11:10:17Z INFO Runner] ExecuteCommand
[2026-10-10 11:10:17Z INFO ConfigurationStore] currentAssemblyLocation: C:\Users\CarlosC\OneDrive - Cesur-GCoremsa\Prácticas Data Center\Tareas\04 Git\proyectoGit\actions-runner\bin\Runner.Listener.dll
[2026-10-10 11:10:17Z INFO HostContext] Well known directory 'Bin': 'C:\Users\CarlosC\OneDrive - Cesur-GCoremsa\Prácticas Data Center\Tareas\04 Git\proyectoGit\actions-runner\bin'
[2026-10-10 11:10:17Z INFO ConfigurationStore] binPath: C:\Users\CarlosC\OneDrive - Cesur-GCoremsa\Prácticas Data Center\Tareas\04 Git\proyectoGit\actions-runner\bin
[2026-10-10 11:10:17Z INFO HostContext] Well known directory 'Bin': 'C:\Users\CarlosC\OneDrive - Cesur-GCoremsa\Prácticas Data Center\Tareas\04 Git\proyectoGit\actions-runner\bin'
[2026-10-10 11:10:17Z INFO HostContext] Well known directory 'Root': 'C:\Users\CarlosC\OneDrive - Cesur-GCoremsa\Prácticas Data Center\Tareas\04 Git\proyectoGit\actions-runner'
[2026-10-10 11:10:17Z INFO ConfigurationStore] RootFolder: C:\Users\CarlosC\OneDrive - Cesur-GCoremsa\Prácticas Data Center\Tareas\04 Git\proyectoGit\actions-runner
[2026-10-10 11:10:17Z INFO HostContext] Well known directory 'Bin': 'C:\Users\CarlosC\OneDrive - Cesur-GCoremsa\Prácticas Data Center\Tareas\04 Git\proyectoGit\actions-runner\bin'
[2026-10-10 11:10:17Z INFO HostContext] Well known directory 'Root': 'C:\Users\CarlosC\OneDrive - Cesur-GCoremsa\Prácticas Data Center\Tareas\04 Git\proyectoGit\actions-runner'
[2026-10-10 11:10:17Z INFO HostContext] Well known config file 'Runner': 'C:\Users\CarlosC\OneDrive - Cesur-GCoremsa\Prácticas Data Center\Tareas\04 Git\proyectoGit\actions-runner\.runner'
[2026-10-10 11:10:17Z INFO ConfigurationStore] ConfigFilePath: C:\Users\CarlosC\OneDrive - Cesur-GCoremsa\Prácticas Data Center\Tareas\04 Git\proyectoGit\actions-runner\.runner
[2026-10-10 11:10:17Z INFO HostContext] Well known directory 'Bin': 'C:\Users\CarlosC\OneDrive - Cesur-GCoremsa\Prácticas Data Center\Tareas\04 Git\proyectoGit\actions-runner\bin'
[2026-10-10 11:10:17Z INFO HostContext] Well known directory 'Root': 'C:\Users\CarlosC\OneDrive - Cesur-GCoremsa\Prácticas Data Center\Tareas\04 Git\proyectoGit\actions-runner'
[2026-10-10 11:10:17Z INFO HostContext] Well known config file 'MigratedRunner': 'C:\Users\CarlosC\OneDrive - Cesur-GCoremsa\Prácticas Data Center\Tareas\04 Git\proyectoGit\actions-runner\.runner_migrated'
[2026-10-10 11:10:17Z INFO ConfigurationStore] MigratedConfigFilePath: C:\Users\CarlosC\OneDrive - Cesur-GCoremsa\Prácticas Data Center\Tareas\04 Git\proyectoGit\actions-runner\.runner_migrated
[2026-10-10 11:10:17Z INFO HostContext] Well known directory 'Bin': 'C:\Users\CarlosC\OneDrive - Cesur-GCoremsa\Prácticas Data Center\Tareas\04 Git\proyectoGit\actions-runner\bin'
[2026-10-10 11:10:17Z INFO HostContext] Well known directory 'Root': 'C:\Users\CarlosC\OneDrive - Cesur-GCoremsa\Prácticas Data Center\Tareas\04 Git\proyectoGit\actions-runner'
[2026-10-10 11:10:17Z INFO HostContext] Well known config file 'Credentials': 'C:\Users\CarlosC\OneDrive - Cesur-GCoremsa\Prácticas Data Center\Tareas\04 Git\proyectoGit\actions-runner\.credentials'
[2026-10-10 11:10:17Z INFO ConfigurationStore] CredFilePath: C:\Users\CarlosC\OneDrive - Cesur-GCoremsa\Prácticas Data Center\Tareas\04 Git\proyectoGit\actions-runner\.credentials
[2026-10-10 11:10:17Z INFO HostContext] Well known directory 'Bin': 'C:\Users\CarlosC\OneDrive - Cesur-GCoremsa\Prácticas Data Center\Tareas\04 Git\proyectoGit\actions-runner\bin'
[2026-10-10 11:10:17Z INFO HostContext] Well known directory 'Root': 'C:\Users\CarlosC\OneDrive - Cesur-GCoremsa\Prácticas Data Center\Tareas\04 Git\proyectoGit\actions-runner'
[2026-10-10 11:10:17Z INFO HostContext] Well known config file 'MigratedCredentials': 'C:\Users\CarlosC\OneDrive - Cesur-GCoremsa\Prácticas Data Center\Tareas\04 Git\proyectoGit\actions-runner\.credentials_migrated'
[2026-10-10 11:10:17Z INFO ConfigurationStore] MigratedCredFilePath: C:\Users\CarlosC\OneDrive - Cesur-GCoremsa\Prácticas Data Center\Tareas\04 Git\proyectoGit\actions-runner\.credentials_migrated
[2026-10-10 11:10:17Z INFO HostContext] Well known directory 'Bin': 'C:\Users\CarlosC\OneDrive - Cesur-GCoremsa\Prácticas Data Center\Tareas\04 Git\proyectoGit\actions-runner\bin'
[2026-10-10 11:10:17Z INFO HostContext] Well known directory 'Root': 'C:\Users\CarlosC\OneDrive - Cesur-GCoremsa\Prácticas Data Center\Tareas\04 Git\proyectoGit\actions-runner'
[2026-10-10 11:10:17Z INFO HostContext] Well known config file 'Service': 'C:\Users\CarlosC\OneDrive - Cesur-GCoremsa\Prácticas Data Center\Tareas\04 Git\proyectoGit\actions-runner\.service'
[2026-10-10 11:10:17Z INFO ConfigurationStore] ServiceConfigFilePath: C:\Users\CarlosC\OneDrive - Cesur-GCoremsa\Prácticas Data Center\Tareas\04 Git\proyectoGit\actions-runner\.service
[2026-10-10 11:10:17Z INFO CommandSettings] Flag 'help': 'False'
[2026-10-10 11:10:17Z INFO CommandSettings] Flag 'version': 'False'
[2026-10-10 11:10:17Z INFO CommandSettings] Flag 'commit': 'False'
[2026-10-10 11:10:17Z INFO CommandSettings] Flag 'check': 'False'
[2026-10-10 11:10:17Z INFO CommandSettings] Command 'configure': 'False'
[2026-10-10 11:10:17Z INFO CommandSettings] Command 'remove': 'False'
[2026-10-10 11:10:17Z INFO CommandSettings] Command 'warmup': 'False'
[2026-10-10 11:10:17Z INFO ConfigurationManager] LoadSettings
[2026-10-10 11:10:17Z INFO ConfigurationStore] IsConfigured()
[2026-10-10 11:10:17Z INFO ConfigurationStore] IsConfigured: True
[2026-10-10 11:10:17Z INFO ConfigurationManager] Is configured: True
[2026-10-10 11:10:17Z INFO ConfigurationStore] Read setting file: 398 chars
[2026-10-10 11:10:17Z INFO ConfigurationManager] Settings Loaded
[2026-10-10 11:10:17Z INFO ConfigurationStore] IsServiceConfigured()
[2026-10-10 11:10:17Z INFO ConfigurationStore] IsServiceConfigured: False
[2026-10-10 11:10:17Z INFO CommandSettings] Command 'run': 'True'
[2026-10-10 11:10:17Z INFO ConfigurationStore] IsConfigured()
[2026-10-10 11:10:17Z INFO ConfigurationStore] IsConfigured: True
[2026-10-10 11:10:17Z INFO ConfigurationManager] Is configured: True
[2026-10-10 11:10:17Z INFO Runner] Could not parse the argument value '' for StartupType. Defaulting to Manual
[2026-10-10 11:10:17Z INFO Runner] Set runner startup type - Manual
[2026-10-10 11:10:17Z INFO CommandSettings] Flag 'once': 'False'
[2026-10-10 11:10:17Z INFO CommandSettings] Flag 'once': 'False'
[2026-10-10 11:10:17Z INFO Runner] RunAsync
[2026-10-10 11:10:17Z INFO HostContext] Well known directory 'Bin': 'C:\Users\CarlosC\OneDrive - Cesur-GCoremsa\Prácticas Data Center\Tareas\04 Git\proyectoGit\actions-runner\bin'
[2026-10-10 11:10:17Z INFO HostContext] Well known directory 'Root': 'C:\Users\CarlosC\OneDrive - Cesur-GCoremsa\Prácticas Data Center\Tareas\04 Git\proyectoGit\actions-runner'
[2026-10-10 11:10:17Z INFO HostContext] Well known directory 'Work': 'C:\Users\CarlosC\OneDrive - Cesur-GCoremsa\Prácticas Data Center\Tareas\04 Git\proyectoGit\actions-runner\_work'
[2026-10-10 11:10:17Z INFO Runner] Validating directory permissions for: 'C:\Users\CarlosC\OneDrive - Cesur-GCoremsa\Prácticas Data Center\Tareas\04 Git\proyectoGit\actions-runner\_work'
[2026-10-10 11:10:17Z INFO ConfigurationManager] LoadMigratedSettings
[2026-10-10 11:10:17Z INFO ConfigurationStore] IsMigratedConfigured()
[2026-10-10 11:10:17Z INFO ConfigurationStore] IsMigratedConfigured: False
[2026-10-10 11:10:17Z INFO Runner] Failed to load migrated settings: No migrated configuration found.
[2026-10-10 11:10:17Z INFO Runner] Falling back to original .runner settings
[2026-10-10 11:10:17Z INFO Runner] Using BrokerMessageListener
[2026-10-10 11:10:17Z INFO BrokerMessageListener] Using provided settings
[2026-10-10 11:10:17Z INFO BrokerMessageListener] {
  "AgentId": 2,
  "AgentName": "CARLTONPIEDRA",
  "PoolId": 1,
  "PoolName": "Default",
  "ServerUrl": "https://pipelinesghubeus6.actions.githubusercontent.com/CvnxluUQKJ2cRC5HvGwna7J3IosHjoEdR5DuRyC8dQbK4IzdW1/",
  "GitHubUrl": "https://github.com/CarlosCDAW/proyectoGit",
  "WorkFolder": "_work",
  "UseV2Flow": true,
  "ServerUrlV2": "https://broker.actions.githubusercontent.com/"
}
[2026-10-10 11:10:17Z INFO BrokerMessageListener] Loading Credentials
[2026-10-10 11:10:17Z INFO ConfigurationStore] HasCredentials()
[2026-10-10 11:10:17Z INFO ConfigurationStore] stored True
[2026-10-10 11:10:17Z INFO CredentialManager] GetCredentialProvider
[2026-10-10 11:10:17Z INFO CredentialManager] Creating type OAuth
[2026-10-10 11:10:17Z INFO CredentialManager] Creating credential type: OAuth
[2026-10-10 11:10:17Z INFO HostContext] Well known directory 'Bin': 'C:\Users\CarlosC\OneDrive - Cesur-GCoremsa\Prácticas Data Center\Tareas\04 Git\proyectoGit\actions-runner\bin'
[2026-10-10 11:10:17Z INFO HostContext] Well known directory 'Root': 'C:\Users\CarlosC\OneDrive - Cesur-GCoremsa\Prácticas Data Center\Tareas\04 Git\proyectoGit\actions-runner'
[2026-10-10 11:10:17Z INFO HostContext] Well known config file 'RSACredentials': 'C:\Users\CarlosC\OneDrive - Cesur-GCoremsa\Prácticas Data Center\Tareas\04 Git\proyectoGit\actions-runner\.credentials_rsaparams'
[2026-10-10 11:10:17Z INFO RSAEncryptedFileKeyManager] Loading RSA key parameters from file C:\Users\CarlosC\OneDrive - Cesur-GCoremsa\Prácticas Data Center\Tareas\04 Git\proyectoGit\actions-runner\.credentials_rsaparams
[2026-10-10 11:10:17Z INFO BrokerMessageListener] Attempt to create session.
[2026-10-10 11:10:17Z INFO BrokerMessageListener] Connecting to the Broker Server...
[2026-10-10 11:10:17Z INFO ConfigurationStore] HasCredentials()
[2026-10-10 11:10:17Z INFO ConfigurationStore] stored True
[2026-10-10 11:10:17Z INFO CredentialManager] GetCredentialProvider
[2026-10-10 11:10:17Z INFO CredentialManager] Creating type OAuth
[2026-10-10 11:10:17Z INFO CredentialManager] Creating credential type: OAuth
[2026-10-10 11:10:17Z INFO RSAEncryptedFileKeyManager] Loading RSA key parameters from file C:\Users\CarlosC\OneDrive - Cesur-GCoremsa\Prácticas Data Center\Tareas\04 Git\proyectoGit\actions-runner\.credentials_rsaparams
[2026-10-10 11:10:17Z INFO BrokerMessageListener] VssConnection created
[2026-10-10 11:10:17Z INFO BrokerMessageListener] Connecting to the Runner server...
[2026-10-10 11:10:17Z INFO RunnerServer] EstablishVssConnection
[2026-10-10 11:10:17Z INFO RunnerServer] Establish connection with 100 seconds timeout.
[2026-10-10 11:10:17Z INFO GitHubActionsService] Starting operation Location.GetConnectionData
[2026-10-10 11:10:17Z INFO RunnerServer] EstablishVssConnection
[2026-10-10 11:10:17Z INFO RunnerServer] Establish connection with 60 seconds timeout.
[2026-10-10 11:10:17Z INFO GitHubActionsService] Starting operation Location.GetConnectionData
[2026-10-10 11:10:17Z INFO RunnerServer] EstablishVssConnection
[2026-10-10 11:10:17Z INFO RunnerServer] Establish connection with 60 seconds timeout.
[2026-10-10 11:10:17Z INFO GitHubActionsService] Starting operation Location.GetConnectionData
[2026-10-10 11:10:18Z INFO GitHubActionsService] Finished operation Location.GetConnectionData
[2026-10-10 11:10:18Z INFO GitHubActionsService] Finished operation Location.GetConnectionData
[2026-10-10 11:10:18Z INFO GitHubActionsService] Finished operation Location.GetConnectionData
[2026-10-10 11:10:18Z INFO BrokerMessageListener] VssConnection created
[2026-10-10 11:10:18Z INFO Terminal] WRITE LINE: 
[2026-10-10 11:10:18Z INFO Terminal] WRITE LINE: 
[2026-10-10 11:10:18Z INFO RSAEncryptedFileKeyManager] Loading RSA key parameters from file C:\Users\CarlosC\OneDrive - Cesur-GCoremsa\Prácticas Data Center\Tareas\04 Git\proyectoGit\actions-runner\.credentials_rsaparams
[2026-10-10 11:10:18Z INFO RSAEncryptedFileKeyManager] Loading RSA key parameters from file C:\Users\CarlosC\OneDrive - Cesur-GCoremsa\Prácticas Data Center\Tareas\04 Git\proyectoGit\actions-runner\.credentials_rsaparams
[2026-10-10 11:10:19Z INFO GitHubActionsService] AAD Correlation ID for this token request: Unknown
[2026-10-10 11:10:19Z ERR  GitHubActionsService] POST request to https://broker.actions.githubusercontent.com/session failed. HTTP Status: Conflict
[2026-10-10 11:10:19Z ERR  BrokerMessageListener] Catch exception during create session.
[2026-10-10 11:10:19Z ERR  BrokerMessageListener] GitHub.DistributedTask.WebApi.TaskAgentSessionConflictException: Error: Conflict
   at GitHub.Actions.RunService.WebApi.BrokerHttpClient.CreateSessionAsync(TaskAgentSession session, CancellationToken cancellationToken)
   at GitHub.Runner.Common.BrokerServer.CreateSessionAsync(TaskAgentSession session, CancellationToken cancellationToken)
   at GitHub.Runner.Listener.BrokerMessageListener.CreateSessionAsync(CancellationToken token)
[2026-10-10 11:10:19Z INFO BrokerMessageListener] The session for this runner already exists.
[2026-10-10 11:10:19Z ERR  Terminal] WRITE ERROR: A session for this runner already exists.
[2026-10-10 11:10:19Z INFO BrokerMessageListener] The session conflict exception haven't reached retry limit.
[2026-10-10 11:10:19Z ERR  Terminal] WRITE ERROR: 2026-10-10 11:10:19Z: Runner connect error: Error: Conflict. Retrying until reconnected.
[2026-10-10 11:10:19Z INFO BrokerMessageListener] Sleeping for 30 seconds before retrying.
[2026-10-10 11:10:49Z INFO BrokerMessageListener] Attempt to create session.
[2026-10-10 11:10:49Z INFO BrokerMessageListener] Connecting to the Broker Server...
[2026-10-10 11:10:49Z INFO ConfigurationStore] HasCredentials()
[2026-10-10 11:10:49Z INFO ConfigurationStore] stored True
[2026-10-10 11:10:49Z INFO CredentialManager] GetCredentialProvider
[2026-10-10 11:10:49Z INFO CredentialManager] Creating type OAuth
[2026-10-10 11:10:49Z INFO CredentialManager] Creating credential type: OAuth
[2026-10-10 11:10:49Z INFO RSAEncryptedFileKeyManager] Loading RSA key parameters from file C:\Users\CarlosC\OneDrive - Cesur-GCoremsa\Prácticas Data Center\Tareas\04 Git\proyectoGit\actions-runner\.credentials_rsaparams
[2026-10-10 11:10:49Z INFO BrokerMessageListener] VssConnection created
[2026-10-10 11:10:49Z INFO BrokerMessageListener] Connecting to the Runner server...
[2026-10-10 11:10:49Z INFO RunnerServer] EstablishVssConnection
[2026-10-10 11:10:49Z INFO RunnerServer] Establish connection with 100 seconds timeout.
[2026-10-10 11:10:49Z INFO GitHubActionsService] Starting operation Location.GetConnectionData
[2026-10-10 11:10:49Z INFO RunnerServer] EstablishVssConnection
[2026-10-10 11:10:49Z INFO RunnerServer] Establish connection with 60 seconds timeout.
[2026-10-10 11:10:49Z INFO GitHubActionsService] Starting operation Location.GetConnectionData
[2026-10-10 11:10:49Z INFO RunnerServer] EstablishVssConnection
[2026-10-10 11:10:49Z INFO RunnerServer] Establish connection with 60 seconds timeout.
[2026-10-10 11:10:49Z INFO GitHubActionsService] Starting operation Location.GetConnectionData
[2026-10-10 11:10:49Z INFO GitHubActionsService] Finished operation Location.GetConnectionData
[2026-10-10 11:10:49Z INFO GitHubActionsService] Finished operation Location.GetConnectionData
[2026-10-10 11:10:49Z INFO GitHubActionsService] Finished operation Location.GetConnectionData
[2026-10-10 11:10:49Z INFO BrokerMessageListener] VssConnection created
[2026-10-10 11:10:49Z INFO Terminal] WRITE LINE: 
[2026-10-10 11:10:49Z INFO Terminal] WRITE LINE: 
[2026-10-10 11:10:49Z INFO RSAEncryptedFileKeyManager] Loading RSA key parameters from file C:\Users\CarlosC\OneDrive - Cesur-GCoremsa\Prácticas Data Center\Tareas\04 Git\proyectoGit\actions-runner\.credentials_rsaparams
[2026-10-10 11:10:49Z INFO RSAEncryptedFileKeyManager] Loading RSA key parameters from file C:\Users\CarlosC\OneDrive - Cesur-GCoremsa\Prácticas Data Center\Tareas\04 Git\proyectoGit\actions-runner\.credentials_rsaparams
[2026-10-10 11:10:50Z INFO GitHubActionsService] AAD Correlation ID for this token request: Unknown
[2026-10-10 11:10:50Z ERR  GitHubActionsService] POST request to https://broker.actions.githubusercontent.com/session failed. HTTP Status: Conflict
[2026-10-10 11:10:50Z ERR  BrokerMessageListener] Catch exception during create session.
[2026-10-10 11:10:50Z ERR  BrokerMessageListener] GitHub.DistributedTask.WebApi.TaskAgentSessionConflictException: Error: Conflict
   at GitHub.Actions.RunService.WebApi.BrokerHttpClient.CreateSessionAsync(TaskAgentSession session, CancellationToken cancellationToken)
   at GitHub.Runner.Common.BrokerServer.CreateSessionAsync(TaskAgentSession session, CancellationToken cancellationToken)
   at GitHub.Runner.Listener.BrokerMessageListener.CreateSessionAsync(CancellationToken token)
[2026-10-10 11:10:50Z INFO BrokerMessageListener] The session for this runner already exists.
[2026-10-10 11:10:50Z ERR  Terminal] WRITE ERROR: A session for this runner already exists.
[2026-10-10 11:10:50Z INFO BrokerMessageListener] The session conflict exception haven't reached retry limit.
[2026-10-10 11:10:50Z INFO BrokerMessageListener] Sleeping for 30 seconds before retrying.
[2026-10-10 11:11:20Z INFO BrokerMessageListener] Attempt to create session.
[2026-10-10 11:11:20Z INFO BrokerMessageListener] Connecting to the Broker Server...
[2026-10-10 11:11:20Z INFO ConfigurationStore] HasCredentials()
[2026-10-10 11:11:20Z INFO ConfigurationStore] stored True
[2026-10-10 11:11:20Z INFO CredentialManager] GetCredentialProvider
[2026-10-10 11:11:20Z INFO CredentialManager] Creating type OAuth
[2026-10-10 11:11:20Z INFO CredentialManager] Creating credential type: OAuth
[2026-10-10 11:11:20Z INFO RSAEncryptedFileKeyManager] Loading RSA key parameters from file C:\Users\CarlosC\OneDrive - Cesur-GCoremsa\Prácticas Data Center\Tareas\04 Git\proyectoGit\actions-runner\.credentials_rsaparams
[2026-10-10 11:11:20Z INFO BrokerMessageListener] VssConnection created
[2026-10-10 11:11:20Z INFO BrokerMessageListener] Connecting to the Runner server...
[2026-10-10 11:11:20Z INFO RunnerServer] EstablishVssConnection
[2026-10-10 11:11:20Z INFO RunnerServer] Establish connection with 100 seconds timeout.
[2026-10-10 11:11:20Z INFO GitHubActionsService] Starting operation Location.GetConnectionData
[2026-10-10 11:11:20Z INFO RunnerServer] EstablishVssConnection
[2026-10-10 11:11:20Z INFO RunnerServer] Establish connection with 60 seconds timeout.
[2026-10-10 11:11:20Z INFO GitHubActionsService] Starting operation Location.GetConnectionData
[2026-10-10 11:11:20Z INFO RunnerServer] EstablishVssConnection
[2026-10-10 11:11:20Z INFO RunnerServer] Establish connection with 60 seconds timeout.
[2026-10-10 11:11:20Z INFO GitHubActionsService] Starting operation Location.GetConnectionData
[2026-10-10 11:11:21Z INFO GitHubActionsService] Finished operation Location.GetConnectionData
[2026-10-10 11:11:21Z INFO GitHubActionsService] Finished operation Location.GetConnectionData
[2026-10-10 11:11:21Z INFO GitHubActionsService] Finished operation Location.GetConnectionData
[2026-10-10 11:11:21Z INFO BrokerMessageListener] VssConnection created
[2026-10-10 11:11:21Z INFO Terminal] WRITE LINE: 
[2026-10-10 11:11:21Z INFO Terminal] WRITE LINE: 
[2026-10-10 11:11:21Z INFO RSAEncryptedFileKeyManager] Loading RSA key parameters from file C:\Users\CarlosC\OneDrive - Cesur-GCoremsa\Prácticas Data Center\Tareas\04 Git\proyectoGit\actions-runner\.credentials_rsaparams
[2026-10-10 11:11:21Z INFO RSAEncryptedFileKeyManager] Loading RSA key parameters from file C:\Users\CarlosC\OneDrive - Cesur-GCoremsa\Prácticas Data Center\Tareas\04 Git\proyectoGit\actions-runner\.credentials_rsaparams
[2026-10-10 11:11:21Z INFO GitHubActionsService] AAD Correlation ID for this token request: Unknown
[2026-10-10 11:11:22Z INFO BrokerMessageListener] Session created.
[2026-10-10 11:11:22Z INFO Terminal] WRITE LINE: 2026-10-10 11:11:22Z: Runner reconnected.
[2026-10-10 11:11:22Z INFO Terminal] WRITE LINE: Current runner version: '2.337.0'
[2026-10-10 11:11:22Z INFO Terminal] WRITE LINE: 2026-10-10 11:11:22Z: Listening for Jobs
[2026-10-10 11:11:22Z INFO JobDispatcher] Set runner/worker IPC timeout to 30 seconds.
[2026-10-10 11:11:38Z INFO BrokerMessageListener] Acknowledging runner request '3a346f94-213c-516d-a28e-7f6a9e50e434'.
[2026-10-10 11:11:38Z INFO ConfigurationStore] HasCredentials()
[2026-10-10 11:11:38Z INFO ConfigurationStore] stored True
[2026-10-10 11:11:38Z INFO CredentialManager] GetCredentialProvider
[2026-10-10 11:11:38Z INFO CredentialManager] Creating type OAuth
[2026-10-10 11:11:38Z INFO CredentialManager] Creating credential type: OAuth
[2026-10-10 11:11:38Z INFO RSAEncryptedFileKeyManager] Loading RSA key parameters from file C:\Users\CarlosC\OneDrive - Cesur-GCoremsa\Prácticas Data Center\Tareas\04 Git\proyectoGit\actions-runner\.credentials_rsaparams
[2026-10-10 11:11:38Z INFO RSAEncryptedFileKeyManager] Loading RSA key parameters from file C:\Users\CarlosC\OneDrive - Cesur-GCoremsa\Prácticas Data Center\Tareas\04 Git\proyectoGit\actions-runner\.credentials_rsaparams
[2026-10-10 11:11:38Z INFO RSAEncryptedFileKeyManager] Loading RSA key parameters from file C:\Users\CarlosC\OneDrive - Cesur-GCoremsa\Prácticas Data Center\Tareas\04 Git\proyectoGit\actions-runner\.credentials_rsaparams
[2026-10-10 11:11:39Z INFO GitHubActionsService] AAD Correlation ID for this token request: Unknown
[2026-10-10 11:11:40Z INFO JobDispatcher] Job request 0 for plan 0a2d20c7-512a-819f-92a2-c7ed982b390d job 3a346f94-213c-516d-a28e-7f6a9e50e434 received.
[2026-10-10 11:11:40Z INFO JobDispatcher] Pull OrchestrationId 0a2d20c7-512a-819f-92a2-c7ed982b390d.comparar-tokens.__default from JWT claims
[2026-10-10 11:11:40Z INFO BrokerMessageListener] Received job status event. JobState: Busy
[2026-10-10 11:11:40Z INFO BrokerMessageListener] _getMessagesTokenSource is already disposed.
[2026-10-10 11:11:40Z INFO Terminal] WRITE LINE: 2026-10-10 11:11:40Z: Running job: comparar-tokens
[2026-10-10 11:11:40Z INFO JobDispatcher] Start renew job request 0 for job 3a346f94-213c-516d-a28e-7f6a9e50e434.
[2026-10-10 11:11:41Z INFO JobDispatcher] Successfully renew job 3a346f94-213c-516d-a28e-7f6a9e50e434, job is valid till 10/10/2026 11:21:40
[2026-10-10 11:11:41Z INFO HostContext] Well known directory 'Bin': 'C:\Users\CarlosC\OneDrive - Cesur-GCoremsa\Prácticas Data Center\Tareas\04 Git\proyectoGit\actions-runner\bin'
[2026-10-10 11:11:41Z INFO ProcessInvokerWrapper] Starting process:
[2026-10-10 11:11:41Z INFO ProcessInvokerWrapper]   File name: 'C:\Users\CarlosC\OneDrive - Cesur-GCoremsa\Prácticas Data Center\Tareas\04 Git\proyectoGit\actions-runner\bin\Runner.Worker.exe'
[2026-10-10 11:11:41Z INFO ProcessInvokerWrapper]   Arguments: 'spawnclient 2264 2276'
[2026-10-10 11:11:41Z INFO ProcessInvokerWrapper]   Working directory: 'C:\Users\CarlosC\OneDrive - Cesur-GCoremsa\Prácticas Data Center\Tareas\04 Git\proyectoGit\actions-runner\bin'
[2026-10-10 11:11:41Z INFO ProcessInvokerWrapper]   Require exit code zero: 'False'
[2026-10-10 11:11:41Z INFO ProcessInvokerWrapper]   Encoding web name:  ; code page: ''
[2026-10-10 11:11:41Z INFO ProcessInvokerWrapper]   Force kill process on cancellation: 'True'
[2026-10-10 11:11:41Z INFO ProcessInvokerWrapper]   Redirected STDIN: 'False'
[2026-10-10 11:11:41Z INFO ProcessInvokerWrapper]   Persist current code page: 'False'
[2026-10-10 11:11:41Z INFO ProcessInvokerWrapper]   Keep redirected STDIN open: 'False'
[2026-10-10 11:11:41Z INFO ProcessInvokerWrapper]   High priority process: 'True'
[2026-10-10 11:11:41Z INFO ProcessInvokerWrapper] Process started with process id 7732, waiting for process exit.
[2026-10-10 11:11:41Z INFO JobDispatcher] Send job request message to worker for job 3a346f94-213c-516d-a28e-7f6a9e50e434.
[2026-10-10 11:11:41Z INFO ProcessChannel] Sending message of length 22317, with hash '9396b165046fea5e0d927f0f64f7e623958560ef56ddcb4c073ea40778904146'
[2026-10-10 11:11:41Z INFO JobNotification] Entering JobStarted Notification
[2026-10-10 11:11:41Z INFO JobNotification] Entering StartMonitor
[2026-10-10 11:11:45Z INFO ProcessInvokerWrapper] STDOUT/STDERR stream read finished.
[2026-10-10 11:11:45Z INFO ProcessInvokerWrapper] STDOUT/STDERR stream read finished.
[2026-10-10 11:11:45Z INFO ProcessInvokerWrapper] Finished process 7732 with exit code 102, and elapsed time 00:00:04.1200200.
[2026-10-10 11:11:45Z INFO JobDispatcher] Worker finished for job 3a346f94-213c-516d-a28e-7f6a9e50e434. Code: 102
[2026-10-10 11:11:45Z INFO JobDispatcher] finish job request for job 3a346f94-213c-516d-a28e-7f6a9e50e434 with result: Failed
[2026-10-10 11:11:45Z INFO Terminal] WRITE LINE: 2026-10-10 11:11:45Z: Job comparar-tokens completed with result: Failed
[2026-10-10 11:11:45Z INFO JobDispatcher] Stop renew job request for job 3a346f94-213c-516d-a28e-7f6a9e50e434.
[2026-10-10 11:11:45Z INFO JobDispatcher] job renew has been cancelled, stop renew job 3a346f94-213c-516d-a28e-7f6a9e50e434.
[2026-10-10 11:11:45Z INFO JobNotification] Entering JobCompleted Notification
[2026-10-10 11:11:45Z INFO JobNotification] Entering EndMonitor
[2026-10-10 11:11:45Z INFO BrokerMessageListener] Received job status event. JobState: Online
[2026-10-10 11:11:45Z WARN GitHubActionsService] GET request to https://broker.actions.githubusercontent.com/message?sessionId=e65ca551-cc92-4646-9029-076cb736f097&status=Busy&runnerVersion=2.337.0&os=Windows&architecture=X64&disableUpdate=false has been cancelled.
[2026-10-10 11:11:45Z ERR  BrokerServer] Catch exception during request
[2026-10-10 11:11:45Z ERR  BrokerServer] System.Threading.Tasks.TaskCanceledException: The operation was canceled.
 ---> System.Threading.Tasks.TaskCanceledException: The operation was canceled.
 ---> System.IO.IOException: Unable to read data from the transport connection: La operación de E/S se anuló por una salida de subproceso o por una solicitud de aplicación..
 ---> System.Net.Sockets.SocketException (995): La operación de E/S se anuló por una salida de subproceso o por una solicitud de aplicación.
   --- End of inner exception stack trace ---
   at System.Net.Sockets.Socket.AwaitableSocketAsyncEventArgs.ThrowException(SocketError error, CancellationToken cancellationToken)
   at System.Net.Sockets.Socket.AwaitableSocketAsyncEventArgs.System.Threading.Tasks.Sources.IValueTaskSource<System.Int32>.GetResult(Int16 token)
   at System.Net.Security.SslStream.EnsureFullTlsFrameAsync[TIOAdapter](CancellationToken cancellationToken, Int32 estimatedSize)
   at System.Runtime.CompilerServices.PoolingAsyncValueTaskMethodBuilder`1.StateMachineBox`1.System.Threading.Tasks.Sources.IValueTaskSource<TResult>.GetResult(Int16 token)
   at System.Net.Security.SslStream.ReadAsyncInternal[TIOAdapter](Memory`1 buffer, CancellationToken cancellationToken)
   at System.Runtime.CompilerServices.PoolingAsyncValueTaskMethodBuilder`1.StateMachineBox`1.System.Threading.Tasks.Sources.IValueTaskSource<TResult>.GetResult(Int16 token)
   at System.Net.Http.HttpConnection.SendAsync(HttpRequestMessage request, Boolean async, CancellationToken cancellationToken)
   --- End of inner exception stack trace ---
   at System.Net.Http.HttpConnection.SendAsync(HttpRequestMessage request, Boolean async, CancellationToken cancellationToken)
   at System.Net.Http.AuthenticationHelper.SendWithNtAuthAsync(HttpRequestMessage request, Uri authUri, Boolean async, ICredentials credentials, Boolean isProxyAuth, HttpConnection connection, HttpConnectionPool connectionPool, CancellationToken cancellationToken)
   at System.Net.Http.HttpConnectionPool.SendWithVersionDetectionAndRetryAsync(HttpRequestMessage request, Boolean async, Boolean doRequestAuth, CancellationToken cancellationToken)
   at System.Net.Http.AuthenticationHelper.SendWithAuthAsync(HttpRequestMessage request, Uri authUri, Boolean async, ICredentials credentials, Boolean preAuthenticate, Boolean isProxyAuth, Boolean doRequestAuth, HttpConnectionPool pool, CancellationToken cancellationToken)
   at System.Net.Http.RedirectHandler.SendAsync(HttpRequestMessage request, Boolean async, CancellationToken cancellationToken)
   at GitHub.Services.Common.RawHttpMessageHandler.SendAsync(HttpRequestMessage request, CancellationToken cancellationToken)
   at GitHub.Services.Common.VssHttpRetryMessageHandler.SendAsync(HttpRequestMessage request, CancellationToken cancellationToken)
   at System.Net.Http.HttpClient.<SendAsync>g__Core|83_0(HttpRequestMessage request, HttpCompletionOption completionOption, CancellationTokenSource cts, Boolean disposeCts, CancellationTokenSource pendingRequestsCts, CancellationToken originalCancellationToken)
   --- End of inner exception stack trace ---
   at System.Net.Http.HttpClient.HandleFailure(Exception e, Boolean telemetryStarted, HttpResponseMessage response, CancellationTokenSource cts, CancellationToken cancellationToken, CancellationTokenSource pendingRequestsCts)
   at System.Net.Http.HttpClient.<SendAsync>g__Core|83_0(HttpRequestMessage request, HttpCompletionOption completionOption, CancellationTokenSource cts, Boolean disposeCts, CancellationTokenSource pendingRequestsCts, CancellationToken originalCancellationToken)
   at Sdk.WebApi.WebApi.RawHttpClientBase.SendAsync(HttpRequestMessage message, HttpCompletionOption completionOption, Object userState, CancellationToken cancellationToken)
   at Sdk.WebApi.WebApi.RawHttpClientBase.SendAsync[T](HttpRequestMessage message, Boolean readErrorBody, Object userState, CancellationToken cancellationToken)
   at Sdk.WebApi.WebApi.RawHttpClientBase.SendAsync[T](HttpMethod method, IEnumerable`1 additionalHeaders, Uri requestUri, HttpContent content, IEnumerable`1 queryParameters, Boolean readErrorBody, Object userState, CancellationToken cancellationToken)
   at GitHub.Actions.RunService.WebApi.BrokerHttpClient.GetRunnerMessageAsync(Nullable`1 sessionId, String runnerVersion, Nullable`1 status, String os, String architecture, Nullable`1 disableUpdate, CancellationToken cancellationToken)
   at GitHub.Runner.Common.BrokerServer.<>c__DisplayClass7_0.<<GetRunnerMessageAsync>b__0>d.MoveNext()
--- End of stack trace from previous location ---
   at GitHub.Runner.Common.RunnerService.RetryRequest[T](Func`1 func, CancellationToken cancellationToken, Int32 maxAttempts, Func`2 shouldRetry)
[2026-10-10 11:11:45Z ERR  BrokerServer] #####################################################
[2026-10-10 11:11:45Z ERR  BrokerServer] System.Threading.Tasks.TaskCanceledException: The operation was canceled.
 ---> System.IO.IOException: Unable to read data from the transport connection: La operación de E/S se anuló por una salida de subproceso o por una solicitud de aplicación..
 ---> System.Net.Sockets.SocketException (995): La operación de E/S se anuló por una salida de subproceso o por una solicitud de aplicación.
   --- End of inner exception stack trace ---
   at System.Net.Sockets.Socket.AwaitableSocketAsyncEventArgs.ThrowException(SocketError error, CancellationToken cancellationToken)
   at System.Net.Sockets.Socket.AwaitableSocketAsyncEventArgs.System.Threading.Tasks.Sources.IValueTaskSource<System.Int32>.GetResult(Int16 token)
   at System.Net.Security.SslStream.EnsureFullTlsFrameAsync[TIOAdapter](CancellationToken cancellationToken, Int32 estimatedSize)
   at System.Runtime.CompilerServices.PoolingAsyncValueTaskMethodBuilder`1.StateMachineBox`1.System.Threading.Tasks.Sources.IValueTaskSource<TResult>.GetResult(Int16 token)
   at System.Net.Security.SslStream.ReadAsyncInternal[TIOAdapter](Memory`1 buffer, CancellationToken cancellationToken)
   at System.Runtime.CompilerServices.PoolingAsyncValueTaskMethodBuilder`1.StateMachineBox`1.System.Threading.Tasks.Sources.IValueTaskSource<TResult>.GetResult(Int16 token)
   at System.Net.Http.HttpConnection.SendAsync(HttpRequestMessage request, Boolean async, CancellationToken cancellationToken)
   --- End of inner exception stack trace ---
   at System.Net.Http.HttpConnection.SendAsync(HttpRequestMessage request, Boolean async, CancellationToken cancellationToken)
   at System.Net.Http.AuthenticationHelper.SendWithNtAuthAsync(HttpRequestMessage request, Uri authUri, Boolean async, ICredentials credentials, Boolean isProxyAuth, HttpConnection connection, HttpConnectionPool connectionPool, CancellationToken cancellationToken)
   at System.Net.Http.HttpConnectionPool.SendWithVersionDetectionAndRetryAsync(HttpRequestMessage request, Boolean async, Boolean doRequestAuth, CancellationToken cancellationToken)
   at System.Net.Http.AuthenticationHelper.SendWithAuthAsync(HttpRequestMessage request, Uri authUri, Boolean async, ICredentials credentials, Boolean preAuthenticate, Boolean isProxyAuth, Boolean doRequestAuth, HttpConnectionPool pool, CancellationToken cancellationToken)
   at System.Net.Http.RedirectHandler.SendAsync(HttpRequestMessage request, Boolean async, CancellationToken cancellationToken)
   at GitHub.Services.Common.RawHttpMessageHandler.SendAsync(HttpRequestMessage request, CancellationToken cancellationToken)
   at GitHub.Services.Common.VssHttpRetryMessageHandler.SendAsync(HttpRequestMessage request, CancellationToken cancellationToken)
   at System.Net.Http.HttpClient.<SendAsync>g__Core|83_0(HttpRequestMessage request, HttpCompletionOption completionOption, CancellationTokenSource cts, Boolean disposeCts, CancellationTokenSource pendingRequestsCts, CancellationToken originalCancellationToken)
[2026-10-10 11:11:45Z ERR  BrokerServer] #####################################################
[2026-10-10 11:11:45Z ERR  BrokerServer] System.IO.IOException: Unable to read data from the transport connection: La operación de E/S se anuló por una salida de subproceso o por una solicitud de aplicación..
 ---> System.Net.Sockets.SocketException (995): La operación de E/S se anuló por una salida de subproceso o por una solicitud de aplicación.
   --- End of inner exception stack trace ---
   at System.Net.Sockets.Socket.AwaitableSocketAsyncEventArgs.ThrowException(SocketError error, CancellationToken cancellationToken)
   at System.Net.Sockets.Socket.AwaitableSocketAsyncEventArgs.System.Threading.Tasks.Sources.IValueTaskSource<System.Int32>.GetResult(Int16 token)
   at System.Net.Security.SslStream.EnsureFullTlsFrameAsync[TIOAdapter](CancellationToken cancellationToken, Int32 estimatedSize)
   at System.Runtime.CompilerServices.PoolingAsyncValueTaskMethodBuilder`1.StateMachineBox`1.System.Threading.Tasks.Sources.IValueTaskSource<TResult>.GetResult(Int16 token)
   at System.Net.Security.SslStream.ReadAsyncInternal[TIOAdapter](Memory`1 buffer, CancellationToken cancellationToken)
   at System.Runtime.CompilerServices.PoolingAsyncValueTaskMethodBuilder`1.StateMachineBox`1.System.Threading.Tasks.Sources.IValueTaskSource<TResult>.GetResult(Int16 token)
   at System.Net.Http.HttpConnection.SendAsync(HttpRequestMessage request, Boolean async, CancellationToken cancellationToken)
[2026-10-10 11:11:45Z ERR  BrokerServer] #####################################################
[2026-10-10 11:11:45Z ERR  BrokerServer] System.Net.Sockets.SocketException (995): La operación de E/S se anuló por una salida de subproceso o por una solicitud de aplicación.
[2026-10-10 11:11:45Z WARN BrokerServer] Back off 5,128 seconds before next retry. 4 attempt left.
[2026-10-10 11:11:45Z INFO BrokerMessageListener] Get messages has been cancelled using local token source. Continue to get messages with new status.
[2026-10-10 11:22:11Z INFO BrokerMessageListener] Acknowledging runner request '01df3b3b-8588-586b-9a43-8dc578d07333'.
[2026-10-10 11:22:11Z INFO ConfigurationStore] HasCredentials()
[2026-10-10 11:22:11Z INFO ConfigurationStore] stored True
[2026-10-10 11:22:11Z INFO CredentialManager] GetCredentialProvider
[2026-10-10 11:22:11Z INFO CredentialManager] Creating type OAuth
[2026-10-10 11:22:11Z INFO CredentialManager] Creating credential type: OAuth
[2026-10-10 11:22:11Z INFO RSAEncryptedFileKeyManager] Loading RSA key parameters from file C:\Users\CarlosC\OneDrive - Cesur-GCoremsa\Prácticas Data Center\Tareas\04 Git\proyectoGit\actions-runner\.credentials_rsaparams
[2026-10-10 11:22:11Z INFO RSAEncryptedFileKeyManager] Loading RSA key parameters from file C:\Users\CarlosC\OneDrive - Cesur-GCoremsa\Prácticas Data Center\Tareas\04 Git\proyectoGit\actions-runner\.credentials_rsaparams
[2026-10-10 11:22:11Z INFO RSAEncryptedFileKeyManager] Loading RSA key parameters from file C:\Users\CarlosC\OneDrive - Cesur-GCoremsa\Prácticas Data Center\Tareas\04 Git\proyectoGit\actions-runner\.credentials_rsaparams
[2026-10-10 11:22:11Z INFO GitHubActionsService] AAD Correlation ID for this token request: Unknown
[2026-10-10 11:22:12Z INFO JobDispatcher] Job request 0 for plan 97818800-4541-889a-b81c-9a3f4b1b8a07 job 01df3b3b-8588-586b-9a43-8dc578d07333 received.
[2026-10-10 11:22:12Z INFO JobDispatcher] Pull OrchestrationId 97818800-4541-889a-b81c-9a3f4b1b8a07.comparar-tokens.__default from JWT claims
[2026-10-10 11:22:12Z INFO BrokerMessageListener] Received job status event. JobState: Busy
[2026-10-10 11:22:12Z INFO BrokerMessageListener] _getMessagesTokenSource is already disposed.
[2026-10-10 11:22:12Z INFO JobDispatcher] Job request 3a346f94-213c-516d-a28e-7f6a9e50e434 processed succeed.
[2026-10-10 11:22:12Z INFO Terminal] WRITE LINE: 2026-10-10 11:22:12Z: Running job: comparar-tokens
[2026-10-10 11:22:12Z INFO JobDispatcher] Start renew job request 0 for job 01df3b3b-8588-586b-9a43-8dc578d07333.
[2026-10-10 11:22:12Z INFO JobDispatcher] Successfully renew job 01df3b3b-8588-586b-9a43-8dc578d07333, job is valid till 10/10/2026 11:32:12
[2026-10-10 11:22:12Z INFO HostContext] Well known directory 'Bin': 'C:\Users\CarlosC\OneDrive - Cesur-GCoremsa\Prácticas Data Center\Tareas\04 Git\proyectoGit\actions-runner\bin'
[2026-10-10 11:22:12Z INFO ProcessInvokerWrapper] Starting process:
[2026-10-10 11:22:12Z INFO ProcessInvokerWrapper]   File name: 'C:\Users\CarlosC\OneDrive - Cesur-GCoremsa\Prácticas Data Center\Tareas\04 Git\proyectoGit\actions-runner\bin\Runner.Worker.exe'
[2026-10-10 11:22:12Z INFO ProcessInvokerWrapper]   Arguments: 'spawnclient 2208 1984'
[2026-10-10 11:22:12Z INFO ProcessInvokerWrapper]   Working directory: 'C:\Users\CarlosC\OneDrive - Cesur-GCoremsa\Prácticas Data Center\Tareas\04 Git\proyectoGit\actions-runner\bin'
[2026-10-10 11:22:12Z INFO ProcessInvokerWrapper]   Require exit code zero: 'False'
[2026-10-10 11:22:12Z INFO ProcessInvokerWrapper]   Encoding web name:  ; code page: ''
[2026-10-10 11:22:12Z INFO ProcessInvokerWrapper]   Force kill process on cancellation: 'True'
[2026-10-10 11:22:12Z INFO ProcessInvokerWrapper]   Redirected STDIN: 'False'
[2026-10-10 11:22:12Z INFO ProcessInvokerWrapper]   Persist current code page: 'False'
[2026-10-10 11:22:12Z INFO ProcessInvokerWrapper]   Keep redirected STDIN open: 'False'
[2026-10-10 11:22:12Z INFO ProcessInvokerWrapper]   High priority process: 'True'
[2026-10-10 11:22:12Z INFO ProcessInvokerWrapper] Process started with process id 1044, waiting for process exit.
[2026-10-10 11:22:12Z INFO JobDispatcher] Send job request message to worker for job 01df3b3b-8588-586b-9a43-8dc578d07333.
[2026-10-10 11:22:12Z INFO ProcessChannel] Sending message of length 22166, with hash '4ac0bdd884f673c2c6aa01d9acbdc6d382d71b06f944779a5aa07dabd649f102'
[2026-10-10 11:22:13Z INFO JobNotification] Entering JobStarted Notification
[2026-10-10 11:22:13Z INFO JobNotification] Entering StartMonitor
[2026-10-10 11:22:17Z INFO ProcessInvokerWrapper] STDOUT/STDERR stream read finished.
[2026-10-10 11:22:17Z INFO ProcessInvokerWrapper] STDOUT/STDERR stream read finished.
[2026-10-10 11:22:17Z INFO ProcessInvokerWrapper] Finished process 1044 with exit code 102, and elapsed time 00:00:04.1620324.
[2026-10-10 11:22:17Z INFO JobDispatcher] Worker finished for job 01df3b3b-8588-586b-9a43-8dc578d07333. Code: 102
[2026-10-10 11:22:17Z INFO JobDispatcher] finish job request for job 01df3b3b-8588-586b-9a43-8dc578d07333 with result: Failed
[2026-10-10 11:22:17Z INFO Terminal] WRITE LINE: 2026-10-10 11:22:17Z: Job comparar-tokens completed with result: Failed
[2026-10-10 11:22:17Z INFO JobDispatcher] Stop renew job request for job 01df3b3b-8588-586b-9a43-8dc578d07333.
[2026-10-10 11:22:17Z INFO JobDispatcher] job renew has been cancelled, stop renew job 01df3b3b-8588-586b-9a43-8dc578d07333.
[2026-10-10 11:22:17Z INFO JobNotification] Entering JobCompleted Notification
[2026-10-10 11:22:17Z INFO JobNotification] Entering EndMonitor
[2026-10-10 11:22:17Z INFO BrokerMessageListener] Received job status event. JobState: Online
[2026-10-10 11:22:17Z WARN GitHubActionsService] GET request to https://broker.actions.githubusercontent.com/message?sessionId=e65ca551-cc92-4646-9029-076cb736f097&status=Busy&runnerVersion=2.337.0&os=Windows&architecture=X64&disableUpdate=false has been cancelled.
[2026-10-10 11:22:17Z ERR  BrokerServer] Catch exception during request
[2026-10-10 11:22:17Z ERR  BrokerServer] System.Threading.Tasks.TaskCanceledException: The operation was canceled.
 ---> System.Threading.Tasks.TaskCanceledException: The operation was canceled.
 ---> System.IO.IOException: Unable to read data from the transport connection: La operación de E/S se anuló por una salida de subproceso o por una solicitud de aplicación..
 ---> System.Net.Sockets.SocketException (995): La operación de E/S se anuló por una salida de subproceso o por una solicitud de aplicación.
   --- End of inner exception stack trace ---
   at System.Net.Sockets.Socket.AwaitableSocketAsyncEventArgs.System.Threading.Tasks.Sources.IValueTaskSource<System.Int32>.GetResult(Int16 token)
   at System.Net.Security.SslStream.EnsureFullTlsFrameAsync[TIOAdapter](CancellationToken cancellationToken, Int32 estimatedSize)
   at System.Runtime.CompilerServices.PoolingAsyncValueTaskMethodBuilder`1.StateMachineBox`1.System.Threading.Tasks.Sources.IValueTaskSource<TResult>.GetResult(Int16 token)
   at System.Net.Security.SslStream.ReadAsyncInternal[TIOAdapter](Memory`1 buffer, CancellationToken cancellationToken)
   at System.Runtime.CompilerServices.PoolingAsyncValueTaskMethodBuilder`1.StateMachineBox`1.System.Threading.Tasks.Sources.IValueTaskSource<TResult>.GetResult(Int16 token)
   at System.Net.Http.HttpConnection.SendAsync(HttpRequestMessage request, Boolean async, CancellationToken cancellationToken)
   --- End of inner exception stack trace ---
   at System.Net.Http.HttpConnection.SendAsync(HttpRequestMessage request, Boolean async, CancellationToken cancellationToken)
   at System.Net.Http.AuthenticationHelper.SendWithNtAuthAsync(HttpRequestMessage request, Uri authUri, Boolean async, ICredentials credentials, Boolean isProxyAuth, HttpConnection connection, HttpConnectionPool connectionPool, CancellationToken cancellationToken)
   at System.Net.Http.HttpConnectionPool.SendWithVersionDetectionAndRetryAsync(HttpRequestMessage request, Boolean async, Boolean doRequestAuth, CancellationToken cancellationToken)
   at System.Net.Http.AuthenticationHelper.SendWithAuthAsync(HttpRequestMessage request, Uri authUri, Boolean async, ICredentials credentials, Boolean preAuthenticate, Boolean isProxyAuth, Boolean doRequestAuth, HttpConnectionPool pool, CancellationToken cancellationToken)
   at System.Net.Http.RedirectHandler.SendAsync(HttpRequestMessage request, Boolean async, CancellationToken cancellationToken)
   at GitHub.Services.Common.RawHttpMessageHandler.SendAsync(HttpRequestMessage request, CancellationToken cancellationToken)
   at GitHub.Services.Common.VssHttpRetryMessageHandler.SendAsync(HttpRequestMessage request, CancellationToken cancellationToken)
   at System.Net.Http.HttpClient.<SendAsync>g__Core|83_0(HttpRequestMessage request, HttpCompletionOption completionOption, CancellationTokenSource cts, Boolean disposeCts, CancellationTokenSource pendingRequestsCts, CancellationToken originalCancellationToken)
   --- End of inner exception stack trace ---
   at System.Net.Http.HttpClient.HandleFailure(Exception e, Boolean telemetryStarted, HttpResponseMessage response, CancellationTokenSource cts, CancellationToken cancellationToken, CancellationTokenSource pendingRequestsCts)
   at System.Net.Http.HttpClient.<SendAsync>g__Core|83_0(HttpRequestMessage request, HttpCompletionOption completionOption, CancellationTokenSource cts, Boolean disposeCts, CancellationTokenSource pendingRequestsCts, CancellationToken originalCancellationToken)
   at Sdk.WebApi.WebApi.RawHttpClientBase.SendAsync(HttpRequestMessage message, HttpCompletionOption completionOption, Object userState, CancellationToken cancellationToken)
   at Sdk.WebApi.WebApi.RawHttpClientBase.SendAsync[T](HttpRequestMessage message, Boolean readErrorBody, Object userState, CancellationToken cancellationToken)
   at Sdk.WebApi.WebApi.RawHttpClientBase.SendAsync[T](HttpMethod method, IEnumerable`1 additionalHeaders, Uri requestUri, HttpContent content, IEnumerable`1 queryParameters, Boolean readErrorBody, Object userState, CancellationToken cancellationToken)
   at GitHub.Actions.RunService.WebApi.BrokerHttpClient.GetRunnerMessageAsync(Nullable`1 sessionId, String runnerVersion, Nullable`1 status, String os, String architecture, Nullable`1 disableUpdate, CancellationToken cancellationToken)
   at GitHub.Runner.Common.BrokerServer.<>c__DisplayClass7_0.<<GetRunnerMessageAsync>b__0>d.MoveNext()
--- End of stack trace from previous location ---
   at GitHub.Runner.Common.RunnerService.RetryRequest[T](Func`1 func, CancellationToken cancellationToken, Int32 maxAttempts, Func`2 shouldRetry)
[2026-10-10 11:22:17Z ERR  BrokerServer] #####################################################
[2026-10-10 11:22:17Z ERR  BrokerServer] System.Threading.Tasks.TaskCanceledException: The operation was canceled.
 ---> System.IO.IOException: Unable to read data from the transport connection: La operación de E/S se anuló por una salida de subproceso o por una solicitud de aplicación..
 ---> System.Net.Sockets.SocketException (995): La operación de E/S se anuló por una salida de subproceso o por una solicitud de aplicación.
   --- End of inner exception stack trace ---
   at System.Net.Sockets.Socket.AwaitableSocketAsyncEventArgs.System.Threading.Tasks.Sources.IValueTaskSource<System.Int32>.GetResult(Int16 token)
   at System.Net.Security.SslStream.EnsureFullTlsFrameAsync[TIOAdapter](CancellationToken cancellationToken, Int32 estimatedSize)
   at System.Runtime.CompilerServices.PoolingAsyncValueTaskMethodBuilder`1.StateMachineBox`1.System.Threading.Tasks.Sources.IValueTaskSource<TResult>.GetResult(Int16 token)
   at System.Net.Security.SslStream.ReadAsyncInternal[TIOAdapter](Memory`1 buffer, CancellationToken cancellationToken)
   at System.Runtime.CompilerServices.PoolingAsyncValueTaskMethodBuilder`1.StateMachineBox`1.System.Threading.Tasks.Sources.IValueTaskSource<TResult>.GetResult(Int16 token)
   at System.Net.Http.HttpConnection.SendAsync(HttpRequestMessage request, Boolean async, CancellationToken cancellationToken)
   --- End of inner exception stack trace ---
   at System.Net.Http.HttpConnection.SendAsync(HttpRequestMessage request, Boolean async, CancellationToken cancellationToken)
   at System.Net.Http.AuthenticationHelper.SendWithNtAuthAsync(HttpRequestMessage request, Uri authUri, Boolean async, ICredentials credentials, Boolean isProxyAuth, HttpConnection connection, HttpConnectionPool connectionPool, CancellationToken cancellationToken)
   at System.Net.Http.HttpConnectionPool.SendWithVersionDetectionAndRetryAsync(HttpRequestMessage request, Boolean async, Boolean doRequestAuth, CancellationToken cancellationToken)
   at System.Net.Http.AuthenticationHelper.SendWithAuthAsync(HttpRequestMessage request, Uri authUri, Boolean async, ICredentials credentials, Boolean preAuthenticate, Boolean isProxyAuth, Boolean doRequestAuth, HttpConnectionPool pool, CancellationToken cancellationToken)
   at System.Net.Http.RedirectHandler.SendAsync(HttpRequestMessage request, Boolean async, CancellationToken cancellationToken)
   at GitHub.Services.Common.RawHttpMessageHandler.SendAsync(HttpRequestMessage request, CancellationToken cancellationToken)
   at GitHub.Services.Common.VssHttpRetryMessageHandler.SendAsync(HttpRequestMessage request, CancellationToken cancellationToken)
   at System.Net.Http.HttpClient.<SendAsync>g__Core|83_0(HttpRequestMessage request, HttpCompletionOption completionOption, CancellationTokenSource cts, Boolean disposeCts, CancellationTokenSource pendingRequestsCts, CancellationToken originalCancellationToken)
[2026-10-10 11:22:17Z ERR  BrokerServer] #####################################################
[2026-10-10 11:22:17Z ERR  BrokerServer] System.IO.IOException: Unable to read data from the transport connection: La operación de E/S se anuló por una salida de subproceso o por una solicitud de aplicación..
 ---> System.Net.Sockets.SocketException (995): La operación de E/S se anuló por una salida de subproceso o por una solicitud de aplicación.
   --- End of inner exception stack trace ---
   at System.Net.Sockets.Socket.AwaitableSocketAsyncEventArgs.System.Threading.Tasks.Sources.IValueTaskSource<System.Int32>.GetResult(Int16 token)
   at System.Net.Security.SslStream.EnsureFullTlsFrameAsync[TIOAdapter](CancellationToken cancellationToken, Int32 estimatedSize)
   at System.Runtime.CompilerServices.PoolingAsyncValueTaskMethodBuilder`1.StateMachineBox`1.System.Threading.Tasks.Sources.IValueTaskSource<TResult>.GetResult(Int16 token)
   at System.Net.Security.SslStream.ReadAsyncInternal[TIOAdapter](Memory`1 buffer, CancellationToken cancellationToken)
   at System.Runtime.CompilerServices.PoolingAsyncValueTaskMethodBuilder`1.StateMachineBox`1.System.Threading.Tasks.Sources.IValueTaskSource<TResult>.GetResult(Int16 token)
   at System.Net.Http.HttpConnection.SendAsync(HttpRequestMessage request, Boolean async, CancellationToken cancellationToken)
[2026-10-10 11:22:17Z ERR  BrokerServer] #####################################################
[2026-10-10 11:22:17Z ERR  BrokerServer] System.Net.Sockets.SocketException (995): La operación de E/S se anuló por una salida de subproceso o por una solicitud de aplicación.
[2026-10-10 11:22:17Z WARN BrokerServer] Back off 8,639 seconds before next retry. 4 attempt left.
[2026-10-10 11:22:17Z INFO BrokerMessageListener] Get messages has been cancelled using local token source. Continue to get messages with new status.
[2026-10-10 11:27:59Z INFO BrokerMessageListener] Acknowledging runner request 'e901ca28-5882-59f0-a0c9-2a9820cc0f8e'.
[2026-10-10 11:27:59Z INFO ConfigurationStore] HasCredentials()
[2026-10-10 11:27:59Z INFO ConfigurationStore] stored True
[2026-10-10 11:27:59Z INFO CredentialManager] GetCredentialProvider
[2026-10-10 11:27:59Z INFO CredentialManager] Creating type OAuth
[2026-10-10 11:27:59Z INFO CredentialManager] Creating credential type: OAuth
[2026-10-10 11:27:59Z INFO RSAEncryptedFileKeyManager] Loading RSA key parameters from file C:\Users\CarlosC\OneDrive - Cesur-GCoremsa\Prácticas Data Center\Tareas\04 Git\proyectoGit\actions-runner\.credentials_rsaparams
[2026-10-10 11:27:59Z INFO RSAEncryptedFileKeyManager] Loading RSA key parameters from file C:\Users\CarlosC\OneDrive - Cesur-GCoremsa\Prácticas Data Center\Tareas\04 Git\proyectoGit\actions-runner\.credentials_rsaparams
[2026-10-10 11:27:59Z INFO RSAEncryptedFileKeyManager] Loading RSA key parameters from file C:\Users\CarlosC\OneDrive - Cesur-GCoremsa\Prácticas Data Center\Tareas\04 Git\proyectoGit\actions-runner\.credentials_rsaparams
[2026-10-10 11:28:00Z INFO GitHubActionsService] AAD Correlation ID for this token request: Unknown
[2026-10-10 11:28:00Z INFO JobDispatcher] Job request 0 for plan ddbd0d69-c73a-8c36-a8d8-5d8a19497156 job e901ca28-5882-59f0-a0c9-2a9820cc0f8e received.
[2026-10-10 11:28:00Z INFO JobDispatcher] Pull OrchestrationId ddbd0d69-c73a-8c36-a8d8-5d8a19497156.comparar-tokens.__default from JWT claims
[2026-10-10 11:28:00Z INFO BrokerMessageListener] Received job status event. JobState: Busy
[2026-10-10 11:28:00Z INFO BrokerMessageListener] _getMessagesTokenSource is already disposed.
[2026-10-10 11:28:00Z INFO JobDispatcher] Job request 01df3b3b-8588-586b-9a43-8dc578d07333 processed succeed.
[2026-10-10 11:28:00Z INFO Terminal] WRITE LINE: 2026-10-10 11:28:00Z: Running job: comparar-tokens
[2026-10-10 11:28:00Z INFO JobDispatcher] Start renew job request 0 for job e901ca28-5882-59f0-a0c9-2a9820cc0f8e.
[2026-10-10 11:28:01Z INFO JobDispatcher] Successfully renew job e901ca28-5882-59f0-a0c9-2a9820cc0f8e, job is valid till 10/10/2026 11:38:00
[2026-10-10 11:28:01Z INFO HostContext] Well known directory 'Bin': 'C:\Users\CarlosC\OneDrive - Cesur-GCoremsa\Prácticas Data Center\Tareas\04 Git\proyectoGit\actions-runner\bin'
[2026-10-10 11:28:01Z INFO ProcessInvokerWrapper] Starting process:
[2026-10-10 11:28:01Z INFO ProcessInvokerWrapper]   File name: 'C:\Users\CarlosC\OneDrive - Cesur-GCoremsa\Prácticas Data Center\Tareas\04 Git\proyectoGit\actions-runner\bin\Runner.Worker.exe'
[2026-10-10 11:28:01Z INFO ProcessInvokerWrapper]   Arguments: 'spawnclient 2512 2524'
[2026-10-10 11:28:01Z INFO ProcessInvokerWrapper]   Working directory: 'C:\Users\CarlosC\OneDrive - Cesur-GCoremsa\Prácticas Data Center\Tareas\04 Git\proyectoGit\actions-runner\bin'
[2026-10-10 11:28:01Z INFO ProcessInvokerWrapper]   Require exit code zero: 'False'
[2026-10-10 11:28:01Z INFO ProcessInvokerWrapper]   Encoding web name:  ; code page: ''
[2026-10-10 11:28:01Z INFO ProcessInvokerWrapper]   Force kill process on cancellation: 'True'
[2026-10-10 11:28:01Z INFO ProcessInvokerWrapper]   Redirected STDIN: 'False'
[2026-10-10 11:28:01Z INFO ProcessInvokerWrapper]   Persist current code page: 'False'
[2026-10-10 11:28:01Z INFO ProcessInvokerWrapper]   Keep redirected STDIN open: 'False'
[2026-10-10 11:28:01Z INFO ProcessInvokerWrapper]   High priority process: 'True'
[2026-10-10 11:28:01Z INFO ProcessInvokerWrapper] Process started with process id 24008, waiting for process exit.
[2026-10-10 11:28:01Z INFO JobDispatcher] Send job request message to worker for job e901ca28-5882-59f0-a0c9-2a9820cc0f8e.
[2026-10-10 11:28:01Z INFO ProcessChannel] Sending message of length 22114, with hash 'b9bdd9d0ffc73a91437f2e27ef32923810fe701b1f1a232388afaf84ae13d45b'
[2026-10-10 11:28:01Z INFO JobNotification] Entering JobStarted Notification
[2026-10-10 11:28:01Z INFO JobNotification] Entering StartMonitor
[2026-10-10 11:28:05Z INFO ProcessInvokerWrapper] STDOUT/STDERR stream read finished.
[2026-10-10 11:28:05Z INFO ProcessInvokerWrapper] STDOUT/STDERR stream read finished.
[2026-10-10 11:28:05Z INFO ProcessInvokerWrapper] Finished process 24008 with exit code 102, and elapsed time 00:00:04.1690979.
[2026-10-10 11:28:05Z INFO JobDispatcher] Worker finished for job e901ca28-5882-59f0-a0c9-2a9820cc0f8e. Code: 102
[2026-10-10 11:28:05Z INFO JobDispatcher] finish job request for job e901ca28-5882-59f0-a0c9-2a9820cc0f8e with result: Failed
[2026-10-10 11:28:05Z INFO Terminal] WRITE LINE: 2026-10-10 11:28:05Z: Job comparar-tokens completed with result: Failed
[2026-10-10 11:28:05Z INFO JobDispatcher] Stop renew job request for job e901ca28-5882-59f0-a0c9-2a9820cc0f8e.
[2026-10-10 11:28:05Z INFO JobDispatcher] job renew has been cancelled, stop renew job e901ca28-5882-59f0-a0c9-2a9820cc0f8e.
[2026-10-10 11:28:05Z INFO JobNotification] Entering JobCompleted Notification
[2026-10-10 11:28:05Z INFO JobNotification] Entering EndMonitor
[2026-10-10 11:28:05Z INFO BrokerMessageListener] Received job status event. JobState: Online
[2026-10-10 11:28:05Z WARN GitHubActionsService] GET request to https://broker.actions.githubusercontent.com/message?sessionId=e65ca551-cc92-4646-9029-076cb736f097&status=Busy&runnerVersion=2.337.0&os=Windows&architecture=X64&disableUpdate=false has been cancelled.
[2026-10-10 11:28:05Z ERR  BrokerServer] Catch exception during request
[2026-10-10 11:28:05Z ERR  BrokerServer] System.Threading.Tasks.TaskCanceledException: The operation was canceled.
 ---> System.Threading.Tasks.TaskCanceledException: The operation was canceled.
 ---> System.IO.IOException: Unable to read data from the transport connection: La operación de E/S se anuló por una salida de subproceso o por una solicitud de aplicación..
 ---> System.Net.Sockets.SocketException (995): La operación de E/S se anuló por una salida de subproceso o por una solicitud de aplicación.
   --- End of inner exception stack trace ---
   at System.Net.Sockets.Socket.AwaitableSocketAsyncEventArgs.System.Threading.Tasks.Sources.IValueTaskSource<System.Int32>.GetResult(Int16 token)
   at System.Net.Security.SslStream.EnsureFullTlsFrameAsync[TIOAdapter](CancellationToken cancellationToken, Int32 estimatedSize)
   at System.Runtime.CompilerServices.PoolingAsyncValueTaskMethodBuilder`1.StateMachineBox`1.System.Threading.Tasks.Sources.IValueTaskSource<TResult>.GetResult(Int16 token)
   at System.Net.Security.SslStream.ReadAsyncInternal[TIOAdapter](Memory`1 buffer, CancellationToken cancellationToken)
   at System.Runtime.CompilerServices.PoolingAsyncValueTaskMethodBuilder`1.StateMachineBox`1.System.Threading.Tasks.Sources.IValueTaskSource<TResult>.GetResult(Int16 token)
   at System.Net.Http.HttpConnection.SendAsync(HttpRequestMessage request, Boolean async, CancellationToken cancellationToken)
   --- End of inner exception stack trace ---
   at System.Net.Http.HttpConnection.SendAsync(HttpRequestMessage request, Boolean async, CancellationToken cancellationToken)
   at System.Net.Http.AuthenticationHelper.SendWithNtAuthAsync(HttpRequestMessage request, Uri authUri, Boolean async, ICredentials credentials, Boolean isProxyAuth, HttpConnection connection, HttpConnectionPool connectionPool, CancellationToken cancellationToken)
   at System.Net.Http.HttpConnectionPool.SendWithVersionDetectionAndRetryAsync(HttpRequestMessage request, Boolean async, Boolean doRequestAuth, CancellationToken cancellationToken)
   at System.Net.Http.AuthenticationHelper.SendWithAuthAsync(HttpRequestMessage request, Uri authUri, Boolean async, ICredentials credentials, Boolean preAuthenticate, Boolean isProxyAuth, Boolean doRequestAuth, HttpConnectionPool pool, CancellationToken cancellationToken)
   at System.Net.Http.RedirectHandler.SendAsync(HttpRequestMessage request, Boolean async, CancellationToken cancellationToken)
   at GitHub.Services.Common.RawHttpMessageHandler.SendAsync(HttpRequestMessage request, CancellationToken cancellationToken)
   at GitHub.Services.Common.VssHttpRetryMessageHandler.SendAsync(HttpRequestMessage request, CancellationToken cancellationToken)
   at System.Net.Http.HttpClient.<SendAsync>g__Core|83_0(HttpRequestMessage request, HttpCompletionOption completionOption, CancellationTokenSource cts, Boolean disposeCts, CancellationTokenSource pendingRequestsCts, CancellationToken originalCancellationToken)
   --- End of inner exception stack trace ---
   at System.Net.Http.HttpClient.HandleFailure(Exception e, Boolean telemetryStarted, HttpResponseMessage response, CancellationTokenSource cts, CancellationToken cancellationToken, CancellationTokenSource pendingRequestsCts)
   at System.Net.Http.HttpClient.<SendAsync>g__Core|83_0(HttpRequestMessage request, HttpCompletionOption completionOption, CancellationTokenSource cts, Boolean disposeCts, CancellationTokenSource pendingRequestsCts, CancellationToken originalCancellationToken)
   at Sdk.WebApi.WebApi.RawHttpClientBase.SendAsync(HttpRequestMessage message, HttpCompletionOption completionOption, Object userState, CancellationToken cancellationToken)
   at Sdk.WebApi.WebApi.RawHttpClientBase.SendAsync[T](HttpRequestMessage message, Boolean readErrorBody, Object userState, CancellationToken cancellationToken)
   at Sdk.WebApi.WebApi.RawHttpClientBase.SendAsync[T](HttpMethod method, IEnumerable`1 additionalHeaders, Uri requestUri, HttpContent content, IEnumerable`1 queryParameters, Boolean readErrorBody, Object userState, CancellationToken cancellationToken)
   at GitHub.Actions.RunService.WebApi.BrokerHttpClient.GetRunnerMessageAsync(Nullable`1 sessionId, String runnerVersion, Nullable`1 status, String os, String architecture, Nullable`1 disableUpdate, CancellationToken cancellationToken)
   at GitHub.Runner.Common.BrokerServer.<>c__DisplayClass7_0.<<GetRunnerMessageAsync>b__0>d.MoveNext()
--- End of stack trace from previous location ---
   at GitHub.Runner.Common.RunnerService.RetryRequest[T](Func`1 func, CancellationToken cancellationToken, Int32 maxAttempts, Func`2 shouldRetry)
[2026-10-10 11:28:05Z ERR  BrokerServer] #####################################################
[2026-10-10 11:28:05Z ERR  BrokerServer] System.Threading.Tasks.TaskCanceledException: The operation was canceled.
 ---> System.IO.IOException: Unable to read data from the transport connection: La operación de E/S se anuló por una salida de subproceso o por una solicitud de aplicación..
 ---> System.Net.Sockets.SocketException (995): La operación de E/S se anuló por una salida de subproceso o por una solicitud de aplicación.
   --- End of inner exception stack trace ---
   at System.Net.Sockets.Socket.AwaitableSocketAsyncEventArgs.System.Threading.Tasks.Sources.IValueTaskSource<System.Int32>.GetResult(Int16 token)
   at System.Net.Security.SslStream.EnsureFullTlsFrameAsync[TIOAdapter](CancellationToken cancellationToken, Int32 estimatedSize)
   at System.Runtime.CompilerServices.PoolingAsyncValueTaskMethodBuilder`1.StateMachineBox`1.System.Threading.Tasks.Sources.IValueTaskSource<TResult>.GetResult(Int16 token)
   at System.Net.Security.SslStream.ReadAsyncInternal[TIOAdapter](Memory`1 buffer, CancellationToken cancellationToken)
   at System.Runtime.CompilerServices.PoolingAsyncValueTaskMethodBuilder`1.StateMachineBox`1.System.Threading.Tasks.Sources.IValueTaskSource<TResult>.GetResult(Int16 token)
   at System.Net.Http.HttpConnection.SendAsync(HttpRequestMessage request, Boolean async, CancellationToken cancellationToken)
   --- End of inner exception stack trace ---
   at System.Net.Http.HttpConnection.SendAsync(HttpRequestMessage request, Boolean async, CancellationToken cancellationToken)
   at System.Net.Http.AuthenticationHelper.SendWithNtAuthAsync(HttpRequestMessage request, Uri authUri, Boolean async, ICredentials credentials, Boolean isProxyAuth, HttpConnection connection, HttpConnectionPool connectionPool, CancellationToken cancellationToken)
   at System.Net.Http.HttpConnectionPool.SendWithVersionDetectionAndRetryAsync(HttpRequestMessage request, Boolean async, Boolean doRequestAuth, CancellationToken cancellationToken)
   at System.Net.Http.AuthenticationHelper.SendWithAuthAsync(HttpRequestMessage request, Uri authUri, Boolean async, ICredentials credentials, Boolean preAuthenticate, Boolean isProxyAuth, Boolean doRequestAuth, HttpConnectionPool pool, CancellationToken cancellationToken)
   at System.Net.Http.RedirectHandler.SendAsync(HttpRequestMessage request, Boolean async, CancellationToken cancellationToken)
   at GitHub.Services.Common.RawHttpMessageHandler.SendAsync(HttpRequestMessage request, CancellationToken cancellationToken)
   at GitHub.Services.Common.VssHttpRetryMessageHandler.SendAsync(HttpRequestMessage request, CancellationToken cancellationToken)
   at System.Net.Http.HttpClient.<SendAsync>g__Core|83_0(HttpRequestMessage request, HttpCompletionOption completionOption, CancellationTokenSource cts, Boolean disposeCts, CancellationTokenSource pendingRequestsCts, CancellationToken originalCancellationToken)
[2026-10-10 11:28:05Z ERR  BrokerServer] #####################################################
[2026-10-10 11:28:05Z ERR  BrokerServer] System.IO.IOException: Unable to read data from the transport connection: La operación de E/S se anuló por una salida de subproceso o por una solicitud de aplicación..
 ---> System.Net.Sockets.SocketException (995): La operación de E/S se anuló por una salida de subproceso o por una solicitud de aplicación.
   --- End of inner exception stack trace ---
   at System.Net.Sockets.Socket.AwaitableSocketAsyncEventArgs.System.Threading.Tasks.Sources.IValueTaskSource<System.Int32>.GetResult(Int16 token)
   at System.Net.Security.SslStream.EnsureFullTlsFrameAsync[TIOAdapter](CancellationToken cancellationToken, Int32 estimatedSize)
   at System.Runtime.CompilerServices.PoolingAsyncValueTaskMethodBuilder`1.StateMachineBox`1.System.Threading.Tasks.Sources.IValueTaskSource<TResult>.GetResult(Int16 token)
   at System.Net.Security.SslStream.ReadAsyncInternal[TIOAdapter](Memory`1 buffer, CancellationToken cancellationToken)
   at System.Runtime.CompilerServices.PoolingAsyncValueTaskMethodBuilder`1.StateMachineBox`1.System.Threading.Tasks.Sources.IValueTaskSource<TResult>.GetResult(Int16 token)
   at System.Net.Http.HttpConnection.SendAsync(HttpRequestMessage request, Boolean async, CancellationToken cancellationToken)
[2026-10-10 11:28:05Z ERR  BrokerServer] #####################################################
[2026-10-10 11:28:05Z ERR  BrokerServer] System.Net.Sockets.SocketException (995): La operación de E/S se anuló por una salida de subproceso o por una solicitud de aplicación.
[2026-10-10 11:28:05Z WARN BrokerServer] Back off 7,457 seconds before next retry. 4 attempt left.
[2026-10-10 11:28:05Z INFO BrokerMessageListener] Get messages has been cancelled using local token source. Continue to get messages with new status.
[2026-10-10 11:34:26Z INFO BrokerMessageListener] Acknowledging runner request 'b0fd3d7d-0078-55ec-b207-5d1ab5eecc54'.
[2026-10-10 11:34:26Z INFO ConfigurationStore] HasCredentials()
[2026-10-10 11:34:26Z INFO ConfigurationStore] stored True
[2026-10-10 11:34:26Z INFO CredentialManager] GetCredentialProvider
[2026-10-10 11:34:26Z INFO CredentialManager] Creating type OAuth
[2026-10-10 11:34:26Z INFO CredentialManager] Creating credential type: OAuth
[2026-10-10 11:34:26Z INFO RSAEncryptedFileKeyManager] Loading RSA key parameters from file C:\Users\CarlosC\OneDrive - Cesur-GCoremsa\Prácticas Data Center\Tareas\04 Git\proyectoGit\actions-runner\.credentials_rsaparams
[2026-10-10 11:34:26Z INFO RSAEncryptedFileKeyManager] Loading RSA key parameters from file C:\Users\CarlosC\OneDrive - Cesur-GCoremsa\Prácticas Data Center\Tareas\04 Git\proyectoGit\actions-runner\.credentials_rsaparams
[2026-10-10 11:34:26Z INFO RSAEncryptedFileKeyManager] Loading RSA key parameters from file C:\Users\CarlosC\OneDrive - Cesur-GCoremsa\Prácticas Data Center\Tareas\04 Git\proyectoGit\actions-runner\.credentials_rsaparams
[2026-10-10 11:34:26Z INFO GitHubActionsService] AAD Correlation ID for this token request: Unknown
[2026-10-10 11:34:27Z INFO JobDispatcher] Job request 0 for plan 609d09bd-c927-86aa-ae7e-ee346300e6c7 job b0fd3d7d-0078-55ec-b207-5d1ab5eecc54 received.
[2026-10-10 11:34:27Z INFO JobDispatcher] Pull OrchestrationId 609d09bd-c927-86aa-ae7e-ee346300e6c7.comparar-tokens.__default from JWT claims
[2026-10-10 11:34:27Z INFO BrokerMessageListener] Received job status event. JobState: Busy
[2026-10-10 11:34:27Z INFO BrokerMessageListener] _getMessagesTokenSource is already disposed.
[2026-10-10 11:34:27Z INFO JobDispatcher] Job request e901ca28-5882-59f0-a0c9-2a9820cc0f8e processed succeed.
[2026-10-10 11:34:27Z INFO Terminal] WRITE LINE: 2026-10-10 11:34:27Z: Running job: comparar-tokens
[2026-10-10 11:34:27Z INFO JobDispatcher] Start renew job request 0 for job b0fd3d7d-0078-55ec-b207-5d1ab5eecc54.
[2026-10-10 11:34:27Z INFO JobDispatcher] Successfully renew job b0fd3d7d-0078-55ec-b207-5d1ab5eecc54, job is valid till 10/10/2026 11:44:26
[2026-10-10 11:34:27Z INFO HostContext] Well known directory 'Bin': 'C:\Users\CarlosC\OneDrive - Cesur-GCoremsa\Prácticas Data Center\Tareas\04 Git\proyectoGit\actions-runner\bin'
[2026-10-10 11:34:27Z INFO ProcessInvokerWrapper] Starting process:
[2026-10-10 11:34:27Z INFO ProcessInvokerWrapper]   File name: 'C:\Users\CarlosC\OneDrive - Cesur-GCoremsa\Prácticas Data Center\Tareas\04 Git\proyectoGit\actions-runner\bin\Runner.Worker.exe'
[2026-10-10 11:34:27Z INFO ProcessInvokerWrapper]   Arguments: 'spawnclient 2276 2552'
[2026-10-10 11:34:27Z INFO ProcessInvokerWrapper]   Working directory: 'C:\Users\CarlosC\OneDrive - Cesur-GCoremsa\Prácticas Data Center\Tareas\04 Git\proyectoGit\actions-runner\bin'
[2026-10-10 11:34:27Z INFO ProcessInvokerWrapper]   Require exit code zero: 'False'
[2026-10-10 11:34:27Z INFO ProcessInvokerWrapper]   Encoding web name:  ; code page: ''
[2026-10-10 11:34:27Z INFO ProcessInvokerWrapper]   Force kill process on cancellation: 'True'
[2026-10-10 11:34:27Z INFO ProcessInvokerWrapper]   Redirected STDIN: 'False'
[2026-10-10 11:34:27Z INFO ProcessInvokerWrapper]   Persist current code page: 'False'
[2026-10-10 11:34:27Z INFO ProcessInvokerWrapper]   Keep redirected STDIN open: 'False'
[2026-10-10 11:34:27Z INFO ProcessInvokerWrapper]   High priority process: 'True'
[2026-10-10 11:34:27Z INFO ProcessInvokerWrapper] Process started with process id 312, waiting for process exit.
[2026-10-10 11:34:27Z INFO JobDispatcher] Send job request message to worker for job b0fd3d7d-0078-55ec-b207-5d1ab5eecc54.
[2026-10-10 11:34:27Z INFO ProcessChannel] Sending message of length 22120, with hash 'dea46e2e49db885eed619a0e0d0d34c245336aca8ff08a442050a9b1b05bd369'
[2026-10-10 11:34:27Z INFO JobNotification] Entering JobStarted Notification
[2026-10-10 11:34:27Z INFO JobNotification] Entering StartMonitor
[2026-10-10 11:34:31Z INFO ProcessInvokerWrapper] STDOUT/STDERR stream read finished.
[2026-10-10 11:34:31Z INFO ProcessInvokerWrapper] STDOUT/STDERR stream read finished.
[2026-10-10 11:34:31Z INFO ProcessInvokerWrapper] Finished process 312 with exit code 100, and elapsed time 00:00:04.0116445.
[2026-10-10 11:34:31Z INFO JobDispatcher] Worker finished for job b0fd3d7d-0078-55ec-b207-5d1ab5eecc54. Code: 100
[2026-10-10 11:34:31Z INFO JobDispatcher] finish job request for job b0fd3d7d-0078-55ec-b207-5d1ab5eecc54 with result: Succeeded
[2026-10-10 11:34:31Z INFO Terminal] WRITE LINE: 2026-10-10 11:34:31Z: Job comparar-tokens completed with result: Succeeded
[2026-10-10 11:34:31Z INFO JobDispatcher] Stop renew job request for job b0fd3d7d-0078-55ec-b207-5d1ab5eecc54.
[2026-10-10 11:34:31Z INFO JobDispatcher] job renew has been cancelled, stop renew job b0fd3d7d-0078-55ec-b207-5d1ab5eecc54.
[2026-10-10 11:34:31Z INFO JobNotification] Entering JobCompleted Notification
[2026-10-10 11:34:31Z INFO JobNotification] Entering EndMonitor
[2026-10-10 11:34:31Z INFO BrokerMessageListener] Received job status event. JobState: Online
[2026-10-10 11:34:31Z WARN GitHubActionsService] GET request to https://broker.actions.githubusercontent.com/message?sessionId=e65ca551-cc92-4646-9029-076cb736f097&status=Busy&runnerVersion=2.337.0&os=Windows&architecture=X64&disableUpdate=false has been cancelled.
[2026-10-10 11:34:31Z ERR  BrokerServer] Catch exception during request
[2026-10-10 11:34:31Z ERR  BrokerServer] System.Threading.Tasks.TaskCanceledException: The operation was canceled.
 ---> System.Threading.Tasks.TaskCanceledException: The operation was canceled.
 ---> System.IO.IOException: Unable to read data from the transport connection: La operación de E/S se anuló por una salida de subproceso o por una solicitud de aplicación..
 ---> System.Net.Sockets.SocketException (995): La operación de E/S se anuló por una salida de subproceso o por una solicitud de aplicación.
   --- End of inner exception stack trace ---
   at System.Net.Sockets.Socket.AwaitableSocketAsyncEventArgs.System.Threading.Tasks.Sources.IValueTaskSource<System.Int32>.GetResult(Int16 token)
   at System.Net.Security.SslStream.EnsureFullTlsFrameAsync[TIOAdapter](CancellationToken cancellationToken, Int32 estimatedSize)
   at System.Runtime.CompilerServices.PoolingAsyncValueTaskMethodBuilder`1.StateMachineBox`1.System.Threading.Tasks.Sources.IValueTaskSource<TResult>.GetResult(Int16 token)
   at System.Net.Security.SslStream.ReadAsyncInternal[TIOAdapter](Memory`1 buffer, CancellationToken cancellationToken)
   at System.Runtime.CompilerServices.PoolingAsyncValueTaskMethodBuilder`1.StateMachineBox`1.System.Threading.Tasks.Sources.IValueTaskSource<TResult>.GetResult(Int16 token)
   at System.Net.Http.HttpConnection.SendAsync(HttpRequestMessage request, Boolean async, CancellationToken cancellationToken)
   --- End of inner exception stack trace ---
   at System.Net.Http.HttpConnection.SendAsync(HttpRequestMessage request, Boolean async, CancellationToken cancellationToken)
   at System.Net.Http.AuthenticationHelper.SendWithNtAuthAsync(HttpRequestMessage request, Uri authUri, Boolean async, ICredentials credentials, Boolean isProxyAuth, HttpConnection connection, HttpConnectionPool connectionPool, CancellationToken cancellationToken)
   at System.Net.Http.HttpConnectionPool.SendWithVersionDetectionAndRetryAsync(HttpRequestMessage request, Boolean async, Boolean doRequestAuth, CancellationToken cancellationToken)
   at System.Net.Http.AuthenticationHelper.SendWithAuthAsync(HttpRequestMessage request, Uri authUri, Boolean async, ICredentials credentials, Boolean preAuthenticate, Boolean isProxyAuth, Boolean doRequestAuth, HttpConnectionPool pool, CancellationToken cancellationToken)
   at System.Net.Http.RedirectHandler.SendAsync(HttpRequestMessage request, Boolean async, CancellationToken cancellationToken)
   at GitHub.Services.Common.RawHttpMessageHandler.SendAsync(HttpRequestMessage request, CancellationToken cancellationToken)
   at GitHub.Services.Common.VssHttpRetryMessageHandler.SendAsync(HttpRequestMessage request, CancellationToken cancellationToken)
   at System.Net.Http.HttpClient.<SendAsync>g__Core|83_0(HttpRequestMessage request, HttpCompletionOption completionOption, CancellationTokenSource cts, Boolean disposeCts, CancellationTokenSource pendingRequestsCts, CancellationToken originalCancellationToken)
   --- End of inner exception stack trace ---
   at System.Net.Http.HttpClient.HandleFailure(Exception e, Boolean telemetryStarted, HttpResponseMessage response, CancellationTokenSource cts, CancellationToken cancellationToken, CancellationTokenSource pendingRequestsCts)
   at System.Net.Http.HttpClient.<SendAsync>g__Core|83_0(HttpRequestMessage request, HttpCompletionOption completionOption, CancellationTokenSource cts, Boolean disposeCts, CancellationTokenSource pendingRequestsCts, CancellationToken originalCancellationToken)
   at Sdk.WebApi.WebApi.RawHttpClientBase.SendAsync(HttpRequestMessage message, HttpCompletionOption completionOption, Object userState, CancellationToken cancellationToken)
   at Sdk.WebApi.WebApi.RawHttpClientBase.SendAsync[T](HttpRequestMessage message, Boolean readErrorBody, Object userState, CancellationToken cancellationToken)
   at Sdk.WebApi.WebApi.RawHttpClientBase.SendAsync[T](HttpMethod method, IEnumerable`1 additionalHeaders, Uri requestUri, HttpContent content, IEnumerable`1 queryParameters, Boolean readErrorBody, Object userState, CancellationToken cancellationToken)
   at GitHub.Actions.RunService.WebApi.BrokerHttpClient.GetRunnerMessageAsync(Nullable`1 sessionId, String runnerVersion, Nullable`1 status, String os, String architecture, Nullable`1 disableUpdate, CancellationToken cancellationToken)
   at GitHub.Runner.Common.BrokerServer.<>c__DisplayClass7_0.<<GetRunnerMessageAsync>b__0>d.MoveNext()
--- End of stack trace from previous location ---
   at GitHub.Runner.Common.RunnerService.RetryRequest[T](Func`1 func, CancellationToken cancellationToken, Int32 maxAttempts, Func`2 shouldRetry)
[2026-10-10 11:34:31Z ERR  BrokerServer] #####################################################
[2026-10-10 11:34:31Z ERR  BrokerServer] System.Threading.Tasks.TaskCanceledException: The operation was canceled.
 ---> System.IO.IOException: Unable to read data from the transport connection: La operación de E/S se anuló por una salida de subproceso o por una solicitud de aplicación..
 ---> System.Net.Sockets.SocketException (995): La operación de E/S se anuló por una salida de subproceso o por una solicitud de aplicación.
   --- End of inner exception stack trace ---
   at System.Net.Sockets.Socket.AwaitableSocketAsyncEventArgs.System.Threading.Tasks.Sources.IValueTaskSource<System.Int32>.GetResult(Int16 token)
   at System.Net.Security.SslStream.EnsureFullTlsFrameAsync[TIOAdapter](CancellationToken cancellationToken, Int32 estimatedSize)
   at System.Runtime.CompilerServices.PoolingAsyncValueTaskMethodBuilder`1.StateMachineBox`1.System.Threading.Tasks.Sources.IValueTaskSource<TResult>.GetResult(Int16 token)
   at System.Net.Security.SslStream.ReadAsyncInternal[TIOAdapter](Memory`1 buffer, CancellationToken cancellationToken)
   at System.Runtime.CompilerServices.PoolingAsyncValueTaskMethodBuilder`1.StateMachineBox`1.System.Threading.Tasks.Sources.IValueTaskSource<TResult>.GetResult(Int16 token)
   at System.Net.Http.HttpConnection.SendAsync(HttpRequestMessage request, Boolean async, CancellationToken cancellationToken)
   --- End of inner exception stack trace ---
   at System.Net.Http.HttpConnection.SendAsync(HttpRequestMessage request, Boolean async, CancellationToken cancellationToken)
   at System.Net.Http.AuthenticationHelper.SendWithNtAuthAsync(HttpRequestMessage request, Uri authUri, Boolean async, ICredentials credentials, Boolean isProxyAuth, HttpConnection connection, HttpConnectionPool connectionPool, CancellationToken cancellationToken)
   at System.Net.Http.HttpConnectionPool.SendWithVersionDetectionAndRetryAsync(HttpRequestMessage request, Boolean async, Boolean doRequestAuth, CancellationToken cancellationToken)
   at System.Net.Http.AuthenticationHelper.SendWithAuthAsync(HttpRequestMessage request, Uri authUri, Boolean async, ICredentials credentials, Boolean preAuthenticate, Boolean isProxyAuth, Boolean doRequestAuth, HttpConnectionPool pool, CancellationToken cancellationToken)
   at System.Net.Http.RedirectHandler.SendAsync(HttpRequestMessage request, Boolean async, CancellationToken cancellationToken)
   at GitHub.Services.Common.RawHttpMessageHandler.SendAsync(HttpRequestMessage request, CancellationToken cancellationToken)
   at GitHub.Services.Common.VssHttpRetryMessageHandler.SendAsync(HttpRequestMessage request, CancellationToken cancellationToken)
   at System.Net.Http.HttpClient.<SendAsync>g__Core|83_0(HttpRequestMessage request, HttpCompletionOption completionOption, CancellationTokenSource cts, Boolean disposeCts, CancellationTokenSource pendingRequestsCts, CancellationToken originalCancellationToken)
[2026-10-10 11:34:31Z ERR  BrokerServer] #####################################################
[2026-10-10 11:34:31Z ERR  BrokerServer] System.IO.IOException: Unable to read data from the transport connection: La operación de E/S se anuló por una salida de subproceso o por una solicitud de aplicación..
 ---> System.Net.Sockets.SocketException (995): La operación de E/S se anuló por una salida de subproceso o por una solicitud de aplicación.
   --- End of inner exception stack trace ---
   at System.Net.Sockets.Socket.AwaitableSocketAsyncEventArgs.System.Threading.Tasks.Sources.IValueTaskSource<System.Int32>.GetResult(Int16 token)
   at System.Net.Security.SslStream.EnsureFullTlsFrameAsync[TIOAdapter](CancellationToken cancellationToken, Int32 estimatedSize)
   at System.Runtime.CompilerServices.PoolingAsyncValueTaskMethodBuilder`1.StateMachineBox`1.System.Threading.Tasks.Sources.IValueTaskSource<TResult>.GetResult(Int16 token)
   at System.Net.Security.SslStream.ReadAsyncInternal[TIOAdapter](Memory`1 buffer, CancellationToken cancellationToken)
   at System.Runtime.CompilerServices.PoolingAsyncValueTaskMethodBuilder`1.StateMachineBox`1.System.Threading.Tasks.Sources.IValueTaskSource<TResult>.GetResult(Int16 token)
   at System.Net.Http.HttpConnection.SendAsync(HttpRequestMessage request, Boolean async, CancellationToken cancellationToken)
[2026-10-10 11:34:31Z ERR  BrokerServer] #####################################################
[2026-10-10 11:34:31Z ERR  BrokerServer] System.Net.Sockets.SocketException (995): La operación de E/S se anuló por una salida de subproceso o por una solicitud de aplicación.
[2026-10-10 11:34:31Z WARN BrokerServer] Back off 10,828 seconds before next retry. 4 attempt left.
[2026-10-10 11:34:31Z INFO BrokerMessageListener] Get messages has been cancelled using local token source. Continue to get messages with new status.
[2026-10-10 12:01:36Z INFO RSAEncryptedFileKeyManager] Loading RSA key parameters from file C:\Users\CarlosC\OneDrive - Cesur-GCoremsa\Prácticas Data Center\Tareas\04 Git\proyectoGit\actions-runner\.credentials_rsaparams
[2026-10-10 12:01:36Z INFO GitHubActionsService] AAD Correlation ID for this token request: Unknown
[2026-10-10 12:08:46Z INFO BrokerMessageListener] Acknowledging runner request '6e65756a-f111-5fbd-855f-bfe9e7c90058'.
[2026-10-10 12:08:46Z INFO ConfigurationStore] HasCredentials()
[2026-10-10 12:08:46Z INFO ConfigurationStore] stored True
[2026-10-10 12:08:46Z INFO CredentialManager] GetCredentialProvider
[2026-10-10 12:08:46Z INFO CredentialManager] Creating type OAuth
[2026-10-10 12:08:46Z INFO CredentialManager] Creating credential type: OAuth
[2026-10-10 12:08:46Z INFO RSAEncryptedFileKeyManager] Loading RSA key parameters from file C:\Users\CarlosC\OneDrive - Cesur-GCoremsa\Prácticas Data Center\Tareas\04 Git\proyectoGit\actions-runner\.credentials_rsaparams
[2026-10-10 12:08:46Z INFO RSAEncryptedFileKeyManager] Loading RSA key parameters from file C:\Users\CarlosC\OneDrive - Cesur-GCoremsa\Prácticas Data Center\Tareas\04 Git\proyectoGit\actions-runner\.credentials_rsaparams
[2026-10-10 12:08:46Z INFO RSAEncryptedFileKeyManager] Loading RSA key parameters from file C:\Users\CarlosC\OneDrive - Cesur-GCoremsa\Prácticas Data Center\Tareas\04 Git\proyectoGit\actions-runner\.credentials_rsaparams
[2026-10-10 12:08:46Z INFO GitHubActionsService] AAD Correlation ID for this token request: Unknown
[2026-10-10 12:08:47Z INFO JobDispatcher] Job request 0 for plan b3bf49ab-7d7f-853c-8716-13fcbe7fe151 job 6e65756a-f111-5fbd-855f-bfe9e7c90058 received.
[2026-10-10 12:08:47Z INFO JobDispatcher] Pull OrchestrationId b3bf49ab-7d7f-853c-8716-13fcbe7fe151.comparar-tokens.__default from JWT claims
[2026-10-10 12:08:47Z INFO BrokerMessageListener] Received job status event. JobState: Busy
[2026-10-10 12:08:47Z INFO BrokerMessageListener] _getMessagesTokenSource is already disposed.
[2026-10-10 12:08:47Z INFO JobDispatcher] Job request b0fd3d7d-0078-55ec-b207-5d1ab5eecc54 processed succeed.
[2026-10-10 12:08:47Z INFO Terminal] WRITE LINE: 2026-10-10 12:08:47Z: Running job: comparar-tokens
[2026-10-10 12:08:47Z INFO JobDispatcher] Start renew job request 0 for job 6e65756a-f111-5fbd-855f-bfe9e7c90058.
[2026-10-10 12:08:48Z INFO JobDispatcher] Successfully renew job 6e65756a-f111-5fbd-855f-bfe9e7c90058, job is valid till 10/10/2026 12:18:47
[2026-10-10 12:08:48Z INFO HostContext] Well known directory 'Bin': 'C:\Users\CarlosC\OneDrive - Cesur-GCoremsa\Prácticas Data Center\Tareas\04 Git\proyectoGit\actions-runner\bin'
[2026-10-10 12:08:48Z INFO ProcessInvokerWrapper] Starting process:
[2026-10-10 12:08:48Z INFO ProcessInvokerWrapper]   File name: 'C:\Users\CarlosC\OneDrive - Cesur-GCoremsa\Prácticas Data Center\Tareas\04 Git\proyectoGit\actions-runner\bin\Runner.Worker.exe'
[2026-10-10 12:08:48Z INFO ProcessInvokerWrapper]   Arguments: 'spawnclient 3056 2580'
[2026-10-10 12:08:48Z INFO ProcessInvokerWrapper]   Working directory: 'C:\Users\CarlosC\OneDrive - Cesur-GCoremsa\Prácticas Data Center\Tareas\04 Git\proyectoGit\actions-runner\bin'
[2026-10-10 12:08:48Z INFO ProcessInvokerWrapper]   Require exit code zero: 'False'
[2026-10-10 12:08:48Z INFO ProcessInvokerWrapper]   Encoding web name:  ; code page: ''
[2026-10-10 12:08:48Z INFO ProcessInvokerWrapper]   Force kill process on cancellation: 'True'
[2026-10-10 12:08:48Z INFO ProcessInvokerWrapper]   Redirected STDIN: 'False'
[2026-10-10 12:08:48Z INFO ProcessInvokerWrapper]   Persist current code page: 'False'
[2026-10-10 12:08:48Z INFO ProcessInvokerWrapper]   Keep redirected STDIN open: 'False'
[2026-10-10 12:08:48Z INFO ProcessInvokerWrapper]   High priority process: 'True'
[2026-10-10 12:08:48Z INFO ProcessInvokerWrapper] Process started with process id 18668, waiting for process exit.
[2026-10-10 12:08:48Z INFO JobDispatcher] Send job request message to worker for job 6e65756a-f111-5fbd-855f-bfe9e7c90058.
[2026-10-10 12:08:48Z INFO ProcessChannel] Sending message of length 22119, with hash '6660e49114cc3d5e62c7d2896e33457101c57f851916af79dfa7caaa58b03afa'
[2026-10-10 12:08:48Z INFO JobNotification] Entering JobStarted Notification
[2026-10-10 12:08:48Z INFO JobNotification] Entering StartMonitor
[2026-10-10 12:08:52Z INFO ProcessInvokerWrapper] STDOUT/STDERR stream read finished.
[2026-10-10 12:08:52Z INFO ProcessInvokerWrapper] STDOUT/STDERR stream read finished.
[2026-10-10 12:08:52Z INFO ProcessInvokerWrapper] Finished process 18668 with exit code 100, and elapsed time 00:00:04.0458448.
[2026-10-10 12:08:52Z INFO JobDispatcher] Worker finished for job 6e65756a-f111-5fbd-855f-bfe9e7c90058. Code: 100
[2026-10-10 12:08:52Z INFO JobDispatcher] finish job request for job 6e65756a-f111-5fbd-855f-bfe9e7c90058 with result: Succeeded
[2026-10-10 12:08:52Z INFO Terminal] WRITE LINE: 2026-10-10 12:08:52Z: Job comparar-tokens completed with result: Succeeded
[2026-10-10 12:08:52Z INFO JobDispatcher] Stop renew job request for job 6e65756a-f111-5fbd-855f-bfe9e7c90058.
[2026-10-10 12:08:52Z INFO JobDispatcher] job renew has been cancelled, stop renew job 6e65756a-f111-5fbd-855f-bfe9e7c90058.
[2026-10-10 12:08:52Z INFO JobNotification] Entering JobCompleted Notification
[2026-10-10 12:08:52Z INFO JobNotification] Entering EndMonitor
[2026-10-10 12:08:52Z INFO BrokerMessageListener] Received job status event. JobState: Online
[2026-10-10 12:08:52Z WARN GitHubActionsService] GET request to https://broker.actions.githubusercontent.com/message?sessionId=e65ca551-cc92-4646-9029-076cb736f097&status=Busy&runnerVersion=2.337.0&os=Windows&architecture=X64&disableUpdate=false has been cancelled.
[2026-10-10 12:08:52Z ERR  BrokerServer] Catch exception during request
[2026-10-10 12:08:52Z ERR  BrokerServer] System.Threading.Tasks.TaskCanceledException: The operation was canceled.
 ---> System.Threading.Tasks.TaskCanceledException: The operation was canceled.
 ---> System.IO.IOException: Unable to read data from the transport connection: La operación de E/S se anuló por una salida de subproceso o por una solicitud de aplicación..
 ---> System.Net.Sockets.SocketException (995): La operación de E/S se anuló por una salida de subproceso o por una solicitud de aplicación.
   --- End of inner exception stack trace ---
   at System.Net.Sockets.Socket.AwaitableSocketAsyncEventArgs.System.Threading.Tasks.Sources.IValueTaskSource<System.Int32>.GetResult(Int16 token)
   at System.Net.Security.SslStream.EnsureFullTlsFrameAsync[TIOAdapter](CancellationToken cancellationToken, Int32 estimatedSize)
   at System.Runtime.CompilerServices.PoolingAsyncValueTaskMethodBuilder`1.StateMachineBox`1.System.Threading.Tasks.Sources.IValueTaskSource<TResult>.GetResult(Int16 token)
   at System.Net.Security.SslStream.ReadAsyncInternal[TIOAdapter](Memory`1 buffer, CancellationToken cancellationToken)
   at System.Runtime.CompilerServices.PoolingAsyncValueTaskMethodBuilder`1.StateMachineBox`1.System.Threading.Tasks.Sources.IValueTaskSource<TResult>.GetResult(Int16 token)
   at System.Net.Http.HttpConnection.SendAsync(HttpRequestMessage request, Boolean async, CancellationToken cancellationToken)
   --- End of inner exception stack trace ---
   at System.Net.Http.HttpConnection.SendAsync(HttpRequestMessage request, Boolean async, CancellationToken cancellationToken)
   at System.Net.Http.AuthenticationHelper.SendWithNtAuthAsync(HttpRequestMessage request, Uri authUri, Boolean async, ICredentials credentials, Boolean isProxyAuth, HttpConnection connection, HttpConnectionPool connectionPool, CancellationToken cancellationToken)
   at System.Net.Http.HttpConnectionPool.SendWithVersionDetectionAndRetryAsync(HttpRequestMessage request, Boolean async, Boolean doRequestAuth, CancellationToken cancellationToken)
   at System.Net.Http.AuthenticationHelper.SendWithAuthAsync(HttpRequestMessage request, Uri authUri, Boolean async, ICredentials credentials, Boolean preAuthenticate, Boolean isProxyAuth, Boolean doRequestAuth, HttpConnectionPool pool, CancellationToken cancellationToken)
   at System.Net.Http.RedirectHandler.SendAsync(HttpRequestMessage request, Boolean async, CancellationToken cancellationToken)
   at GitHub.Services.Common.RawHttpMessageHandler.SendAsync(HttpRequestMessage request, CancellationToken cancellationToken)
   at GitHub.Services.Common.VssHttpRetryMessageHandler.SendAsync(HttpRequestMessage request, CancellationToken cancellationToken)
   at System.Net.Http.HttpClient.<SendAsync>g__Core|83_0(HttpRequestMessage request, HttpCompletionOption completionOption, CancellationTokenSource cts, Boolean disposeCts, CancellationTokenSource pendingRequestsCts, CancellationToken originalCancellationToken)
   --- End of inner exception stack trace ---
   at System.Net.Http.HttpClient.HandleFailure(Exception e, Boolean telemetryStarted, HttpResponseMessage response, CancellationTokenSource cts, CancellationToken cancellationToken, CancellationTokenSource pendingRequestsCts)
   at System.Net.Http.HttpClient.<SendAsync>g__Core|83_0(HttpRequestMessage request, HttpCompletionOption completionOption, CancellationTokenSource cts, Boolean disposeCts, CancellationTokenSource pendingRequestsCts, CancellationToken originalCancellationToken)
   at Sdk.WebApi.WebApi.RawHttpClientBase.SendAsync(HttpRequestMessage message, HttpCompletionOption completionOption, Object userState, CancellationToken cancellationToken)
   at Sdk.WebApi.WebApi.RawHttpClientBase.SendAsync[T](HttpRequestMessage message, Boolean readErrorBody, Object userState, CancellationToken cancellationToken)
   at Sdk.WebApi.WebApi.RawHttpClientBase.SendAsync[T](HttpMethod method, IEnumerable`1 additionalHeaders, Uri requestUri, HttpContent content, IEnumerable`1 queryParameters, Boolean readErrorBody, Object userState, CancellationToken cancellationToken)
   at GitHub.Actions.RunService.WebApi.BrokerHttpClient.GetRunnerMessageAsync(Nullable`1 sessionId, String runnerVersion, Nullable`1 status, String os, String architecture, Nullable`1 disableUpdate, CancellationToken cancellationToken)
   at GitHub.Runner.Common.BrokerServer.<>c__DisplayClass7_0.<<GetRunnerMessageAsync>b__0>d.MoveNext()
--- End of stack trace from previous location ---
   at GitHub.Runner.Common.RunnerService.RetryRequest[T](Func`1 func, CancellationToken cancellationToken, Int32 maxAttempts, Func`2 shouldRetry)
[2026-10-10 12:08:52Z ERR  BrokerServer] #####################################################
[2026-10-10 12:08:52Z ERR  BrokerServer] System.Threading.Tasks.TaskCanceledException: The operation was canceled.
 ---> System.IO.IOException: Unable to read data from the transport connection: La operación de E/S se anuló por una salida de subproceso o por una solicitud de aplicación..
 ---> System.Net.Sockets.SocketException (995): La operación de E/S se anuló por una salida de subproceso o por una solicitud de aplicación.
   --- End of inner exception stack trace ---
   at System.Net.Sockets.Socket.AwaitableSocketAsyncEventArgs.System.Threading.Tasks.Sources.IValueTaskSource<System.Int32>.GetResult(Int16 token)
   at System.Net.Security.SslStream.EnsureFullTlsFrameAsync[TIOAdapter](CancellationToken cancellationToken, Int32 estimatedSize)
   at System.Runtime.CompilerServices.PoolingAsyncValueTaskMethodBuilder`1.StateMachineBox`1.System.Threading.Tasks.Sources.IValueTaskSource<TResult>.GetResult(Int16 token)
   at System.Net.Security.SslStream.ReadAsyncInternal[TIOAdapter](Memory`1 buffer, CancellationToken cancellationToken)
   at System.Runtime.CompilerServices.PoolingAsyncValueTaskMethodBuilder`1.StateMachineBox`1.System.Threading.Tasks.Sources.IValueTaskSource<TResult>.GetResult(Int16 token)
   at System.Net.Http.HttpConnection.SendAsync(HttpRequestMessage request, Boolean async, CancellationToken cancellationToken)
   --- End of inner exception stack trace ---
   at System.Net.Http.HttpConnection.SendAsync(HttpRequestMessage request, Boolean async, CancellationToken cancellationToken)
   at System.Net.Http.AuthenticationHelper.SendWithNtAuthAsync(HttpRequestMessage request, Uri authUri, Boolean async, ICredentials credentials, Boolean isProxyAuth, HttpConnection connection, HttpConnectionPool connectionPool, CancellationToken cancellationToken)
   at System.Net.Http.HttpConnectionPool.SendWithVersionDetectionAndRetryAsync(HttpRequestMessage request, Boolean async, Boolean doRequestAuth, CancellationToken cancellationToken)
   at System.Net.Http.AuthenticationHelper.SendWithAuthAsync(HttpRequestMessage request, Uri authUri, Boolean async, ICredentials credentials, Boolean preAuthenticate, Boolean isProxyAuth, Boolean doRequestAuth, HttpConnectionPool pool, CancellationToken cancellationToken)
   at System.Net.Http.RedirectHandler.SendAsync(HttpRequestMessage request, Boolean async, CancellationToken cancellationToken)
   at GitHub.Services.Common.RawHttpMessageHandler.SendAsync(HttpRequestMessage request, CancellationToken cancellationToken)
   at GitHub.Services.Common.VssHttpRetryMessageHandler.SendAsync(HttpRequestMessage request, CancellationToken cancellationToken)
   at System.Net.Http.HttpClient.<SendAsync>g__Core|83_0(HttpRequestMessage request, HttpCompletionOption completionOption, CancellationTokenSource cts, Boolean disposeCts, CancellationTokenSource pendingRequestsCts, CancellationToken originalCancellationToken)
[2026-10-10 12:08:52Z ERR  BrokerServer] #####################################################
[2026-10-10 12:08:52Z ERR  BrokerServer] System.IO.IOException: Unable to read data from the transport connection: La operación de E/S se anuló por una salida de subproceso o por una solicitud de aplicación..
 ---> System.Net.Sockets.SocketException (995): La operación de E/S se anuló por una salida de subproceso o por una solicitud de aplicación.
   --- End of inner exception stack trace ---
   at System.Net.Sockets.Socket.AwaitableSocketAsyncEventArgs.System.Threading.Tasks.Sources.IValueTaskSource<System.Int32>.GetResult(Int16 token)
   at System.Net.Security.SslStream.EnsureFullTlsFrameAsync[TIOAdapter](CancellationToken cancellationToken, Int32 estimatedSize)
   at System.Runtime.CompilerServices.PoolingAsyncValueTaskMethodBuilder`1.StateMachineBox`1.System.Threading.Tasks.Sources.IValueTaskSource<TResult>.GetResult(Int16 token)
   at System.Net.Security.SslStream.ReadAsyncInternal[TIOAdapter](Memory`1 buffer, CancellationToken cancellationToken)
   at System.Runtime.CompilerServices.PoolingAsyncValueTaskMethodBuilder`1.StateMachineBox`1.System.Threading.Tasks.Sources.IValueTaskSource<TResult>.GetResult(Int16 token)
   at System.Net.Http.HttpConnection.SendAsync(HttpRequestMessage request, Boolean async, CancellationToken cancellationToken)
[2026-10-10 12:08:52Z ERR  BrokerServer] #####################################################
[2026-10-10 12:08:52Z ERR  BrokerServer] System.Net.Sockets.SocketException (995): La operación de E/S se anuló por una salida de subproceso o por una solicitud de aplicación.
[2026-10-10 12:08:52Z WARN BrokerServer] Back off 6,487 seconds before next retry. 4 attempt left.
[2026-10-10 12:08:52Z INFO BrokerMessageListener] Get messages has been cancelled using local token source. Continue to get messages with new status.
[2026-10-10 12:09:09Z INFO BrokerMessageListener] Acknowledging runner request 'e239ffc0-cf5a-5c83-b9c3-fe5763e1a511'.
[2026-10-10 12:09:09Z INFO ConfigurationStore] HasCredentials()
[2026-10-10 12:09:09Z INFO ConfigurationStore] stored True
[2026-10-10 12:09:09Z INFO CredentialManager] GetCredentialProvider
[2026-10-10 12:09:09Z INFO CredentialManager] Creating type OAuth
[2026-10-10 12:09:09Z INFO CredentialManager] Creating credential type: OAuth
[2026-10-10 12:09:09Z INFO RSAEncryptedFileKeyManager] Loading RSA key parameters from file C:\Users\CarlosC\OneDrive - Cesur-GCoremsa\Prácticas Data Center\Tareas\04 Git\proyectoGit\actions-runner\.credentials_rsaparams
[2026-10-10 12:09:09Z INFO RSAEncryptedFileKeyManager] Loading RSA key parameters from file C:\Users\CarlosC\OneDrive - Cesur-GCoremsa\Prácticas Data Center\Tareas\04 Git\proyectoGit\actions-runner\.credentials_rsaparams
[2026-10-10 12:09:09Z INFO RSAEncryptedFileKeyManager] Loading RSA key parameters from file C:\Users\CarlosC\OneDrive - Cesur-GCoremsa\Prácticas Data Center\Tareas\04 Git\proyectoGit\actions-runner\.credentials_rsaparams
[2026-10-10 12:09:10Z INFO GitHubActionsService] AAD Correlation ID for this token request: Unknown
[2026-10-10 12:09:11Z INFO JobDispatcher] Job request 0 for plan ee960a19-82cf-8498-aa59-b14713fed52e job e239ffc0-cf5a-5c83-b9c3-fe5763e1a511 received.
[2026-10-10 12:09:11Z INFO JobDispatcher] Pull OrchestrationId ee960a19-82cf-8498-aa59-b14713fed52e.comparar-tokens.__default from JWT claims
[2026-10-10 12:09:11Z INFO BrokerMessageListener] Received job status event. JobState: Busy
[2026-10-10 12:09:11Z INFO BrokerMessageListener] _getMessagesTokenSource is already disposed.
[2026-10-10 12:09:11Z INFO JobDispatcher] Job request 6e65756a-f111-5fbd-855f-bfe9e7c90058 processed succeed.
[2026-10-10 12:09:11Z INFO Terminal] WRITE LINE: 2026-10-10 12:09:11Z: Running job: comparar-tokens
[2026-10-10 12:09:11Z INFO JobDispatcher] Start renew job request 0 for job e239ffc0-cf5a-5c83-b9c3-fe5763e1a511.
[2026-10-10 12:09:11Z INFO JobDispatcher] Successfully renew job e239ffc0-cf5a-5c83-b9c3-fe5763e1a511, job is valid till 10/10/2026 12:19:10
[2026-10-10 12:09:11Z INFO HostContext] Well known directory 'Bin': 'C:\Users\CarlosC\OneDrive - Cesur-GCoremsa\Prácticas Data Center\Tareas\04 Git\proyectoGit\actions-runner\bin'
[2026-10-10 12:09:11Z INFO ProcessInvokerWrapper] Starting process:
[2026-10-10 12:09:11Z INFO ProcessInvokerWrapper]   File name: 'C:\Users\CarlosC\OneDrive - Cesur-GCoremsa\Prácticas Data Center\Tareas\04 Git\proyectoGit\actions-runner\bin\Runner.Worker.exe'
[2026-10-10 12:09:11Z INFO ProcessInvokerWrapper]   Arguments: 'spawnclient 1760 604'
[2026-10-10 12:09:11Z INFO ProcessInvokerWrapper]   Working directory: 'C:\Users\CarlosC\OneDrive - Cesur-GCoremsa\Prácticas Data Center\Tareas\04 Git\proyectoGit\actions-runner\bin'
[2026-10-10 12:09:11Z INFO ProcessInvokerWrapper]   Require exit code zero: 'False'
[2026-10-10 12:09:11Z INFO ProcessInvokerWrapper]   Encoding web name:  ; code page: ''
[2026-10-10 12:09:11Z INFO ProcessInvokerWrapper]   Force kill process on cancellation: 'True'
[2026-10-10 12:09:11Z INFO ProcessInvokerWrapper]   Redirected STDIN: 'False'
[2026-10-10 12:09:11Z INFO ProcessInvokerWrapper]   Persist current code page: 'False'
[2026-10-10 12:09:11Z INFO ProcessInvokerWrapper]   Keep redirected STDIN open: 'False'
[2026-10-10 12:09:11Z INFO ProcessInvokerWrapper]   High priority process: 'True'
[2026-10-10 12:09:11Z INFO ProcessInvokerWrapper] Process started with process id 25468, waiting for process exit.
[2026-10-10 12:09:11Z INFO JobDispatcher] Send job request message to worker for job e239ffc0-cf5a-5c83-b9c3-fe5763e1a511.
[2026-10-10 12:09:11Z INFO ProcessChannel] Sending message of length 22134, with hash 'c883d69a412e16abd5680b95c227ff8fea109eaee8e561cfbf03aed16a0c1029'
[2026-10-10 12:09:11Z INFO JobNotification] Entering JobStarted Notification
[2026-10-10 12:09:11Z INFO JobNotification] Entering StartMonitor
[2026-10-10 12:09:15Z INFO ProcessInvokerWrapper] STDOUT/STDERR stream read finished.
[2026-10-10 12:09:15Z INFO ProcessInvokerWrapper] STDOUT/STDERR stream read finished.
[2026-10-10 12:09:15Z INFO ProcessInvokerWrapper] Finished process 25468 with exit code 102, and elapsed time 00:00:04.1513530.
[2026-10-10 12:09:15Z INFO JobDispatcher] Worker finished for job e239ffc0-cf5a-5c83-b9c3-fe5763e1a511. Code: 102
[2026-10-10 12:09:15Z INFO JobDispatcher] finish job request for job e239ffc0-cf5a-5c83-b9c3-fe5763e1a511 with result: Failed
[2026-10-10 12:09:15Z INFO Terminal] WRITE LINE: 2026-10-10 12:09:15Z: Job comparar-tokens completed with result: Failed
[2026-10-10 12:09:15Z INFO JobDispatcher] Stop renew job request for job e239ffc0-cf5a-5c83-b9c3-fe5763e1a511.
[2026-10-10 12:09:15Z INFO JobDispatcher] job renew has been cancelled, stop renew job e239ffc0-cf5a-5c83-b9c3-fe5763e1a511.
[2026-10-10 12:09:15Z INFO JobNotification] Entering JobCompleted Notification
[2026-10-10 12:09:15Z INFO JobNotification] Entering EndMonitor
[2026-10-10 12:09:15Z INFO BrokerMessageListener] Received job status event. JobState: Online
[2026-10-10 12:09:15Z WARN GitHubActionsService] GET request to https://broker.actions.githubusercontent.com/message?sessionId=e65ca551-cc92-4646-9029-076cb736f097&status=Busy&runnerVersion=2.337.0&os=Windows&architecture=X64&disableUpdate=false has been cancelled.
[2026-10-10 12:09:15Z ERR  BrokerServer] Catch exception during request
[2026-10-10 12:09:15Z ERR  BrokerServer] System.Threading.Tasks.TaskCanceledException: The operation was canceled.
 ---> System.Threading.Tasks.TaskCanceledException: The operation was canceled.
 ---> System.IO.IOException: Unable to read data from the transport connection: La operación de E/S se anuló por una salida de subproceso o por una solicitud de aplicación..
 ---> System.Net.Sockets.SocketException (995): La operación de E/S se anuló por una salida de subproceso o por una solicitud de aplicación.
   --- End of inner exception stack trace ---
   at System.Net.Sockets.Socket.AwaitableSocketAsyncEventArgs.System.Threading.Tasks.Sources.IValueTaskSource<System.Int32>.GetResult(Int16 token)
   at System.Net.Security.SslStream.EnsureFullTlsFrameAsync[TIOAdapter](CancellationToken cancellationToken, Int32 estimatedSize)
   at System.Runtime.CompilerServices.PoolingAsyncValueTaskMethodBuilder`1.StateMachineBox`1.System.Threading.Tasks.Sources.IValueTaskSource<TResult>.GetResult(Int16 token)
   at System.Net.Security.SslStream.ReadAsyncInternal[TIOAdapter](Memory`1 buffer, CancellationToken cancellationToken)
   at System.Runtime.CompilerServices.PoolingAsyncValueTaskMethodBuilder`1.StateMachineBox`1.System.Threading.Tasks.Sources.IValueTaskSource<TResult>.GetResult(Int16 token)
   at System.Net.Http.HttpConnection.SendAsync(HttpRequestMessage request, Boolean async, CancellationToken cancellationToken)
   --- End of inner exception stack trace ---
   at System.Net.Http.HttpConnection.SendAsync(HttpRequestMessage request, Boolean async, CancellationToken cancellationToken)
   at System.Net.Http.AuthenticationHelper.SendWithNtAuthAsync(HttpRequestMessage request, Uri authUri, Boolean async, ICredentials credentials, Boolean isProxyAuth, HttpConnection connection, HttpConnectionPool connectionPool, CancellationToken cancellationToken)
   at System.Net.Http.HttpConnectionPool.SendWithVersionDetectionAndRetryAsync(HttpRequestMessage request, Boolean async, Boolean doRequestAuth, CancellationToken cancellationToken)
   at System.Net.Http.AuthenticationHelper.SendWithAuthAsync(HttpRequestMessage request, Uri authUri, Boolean async, ICredentials credentials, Boolean preAuthenticate, Boolean isProxyAuth, Boolean doRequestAuth, HttpConnectionPool pool, CancellationToken cancellationToken)
   at System.Net.Http.RedirectHandler.SendAsync(HttpRequestMessage request, Boolean async, CancellationToken cancellationToken)
   at GitHub.Services.Common.RawHttpMessageHandler.SendAsync(HttpRequestMessage request, CancellationToken cancellationToken)
   at GitHub.Services.Common.VssHttpRetryMessageHandler.SendAsync(HttpRequestMessage request, CancellationToken cancellationToken)
   at System.Net.Http.HttpClient.<SendAsync>g__Core|83_0(HttpRequestMessage request, HttpCompletionOption completionOption, CancellationTokenSource cts, Boolean disposeCts, CancellationTokenSource pendingRequestsCts, CancellationToken originalCancellationToken)
   --- End of inner exception stack trace ---
   at System.Net.Http.HttpClient.HandleFailure(Exception e, Boolean telemetryStarted, HttpResponseMessage response, CancellationTokenSource cts, CancellationToken cancellationToken, CancellationTokenSource pendingRequestsCts)
   at System.Net.Http.HttpClient.<SendAsync>g__Core|83_0(HttpRequestMessage request, HttpCompletionOption completionOption, CancellationTokenSource cts, Boolean disposeCts, CancellationTokenSource pendingRequestsCts, CancellationToken originalCancellationToken)
   at Sdk.WebApi.WebApi.RawHttpClientBase.SendAsync(HttpRequestMessage message, HttpCompletionOption completionOption, Object userState, CancellationToken cancellationToken)
   at Sdk.WebApi.WebApi.RawHttpClientBase.SendAsync[T](HttpRequestMessage message, Boolean readErrorBody, Object userState, CancellationToken cancellationToken)
   at Sdk.WebApi.WebApi.RawHttpClientBase.SendAsync[T](HttpMethod method, IEnumerable`1 additionalHeaders, Uri requestUri, HttpContent content, IEnumerable`1 queryParameters, Boolean readErrorBody, Object userState, CancellationToken cancellationToken)
   at GitHub.Actions.RunService.WebApi.BrokerHttpClient.GetRunnerMessageAsync(Nullable`1 sessionId, String runnerVersion, Nullable`1 status, String os, String architecture, Nullable`1 disableUpdate, CancellationToken cancellationToken)
   at GitHub.Runner.Common.BrokerServer.<>c__DisplayClass7_0.<<GetRunnerMessageAsync>b__0>d.MoveNext()
--- End of stack trace from previous location ---
   at GitHub.Runner.Common.RunnerService.RetryRequest[T](Func`1 func, CancellationToken cancellationToken, Int32 maxAttempts, Func`2 shouldRetry)
[2026-10-10 12:09:15Z ERR  BrokerServer] #####################################################
[2026-10-10 12:09:15Z ERR  BrokerServer] System.Threading.Tasks.TaskCanceledException: The operation was canceled.
 ---> System.IO.IOException: Unable to read data from the transport connection: La operación de E/S se anuló por una salida de subproceso o por una solicitud de aplicación..
 ---> System.Net.Sockets.SocketException (995): La operación de E/S se anuló por una salida de subproceso o por una solicitud de aplicación.
   --- End of inner exception stack trace ---
   at System.Net.Sockets.Socket.AwaitableSocketAsyncEventArgs.System.Threading.Tasks.Sources.IValueTaskSource<System.Int32>.GetResult(Int16 token)
   at System.Net.Security.SslStream.EnsureFullTlsFrameAsync[TIOAdapter](CancellationToken cancellationToken, Int32 estimatedSize)
   at System.Runtime.CompilerServices.PoolingAsyncValueTaskMethodBuilder`1.StateMachineBox`1.System.Threading.Tasks.Sources.IValueTaskSource<TResult>.GetResult(Int16 token)
   at System.Net.Security.SslStream.ReadAsyncInternal[TIOAdapter](Memory`1 buffer, CancellationToken cancellationToken)
   at System.Runtime.CompilerServices.PoolingAsyncValueTaskMethodBuilder`1.StateMachineBox`1.System.Threading.Tasks.Sources.IValueTaskSource<TResult>.GetResult(Int16 token)
   at System.Net.Http.HttpConnection.SendAsync(HttpRequestMessage request, Boolean async, CancellationToken cancellationToken)
   --- End of inner exception stack trace ---
   at System.Net.Http.HttpConnection.SendAsync(HttpRequestMessage request, Boolean async, CancellationToken cancellationToken)
   at System.Net.Http.AuthenticationHelper.SendWithNtAuthAsync(HttpRequestMessage request, Uri authUri, Boolean async, ICredentials credentials, Boolean isProxyAuth, HttpConnection connection, HttpConnectionPool connectionPool, CancellationToken cancellationToken)
   at System.Net.Http.HttpConnectionPool.SendWithVersionDetectionAndRetryAsync(HttpRequestMessage request, Boolean async, Boolean doRequestAuth, CancellationToken cancellationToken)
   at System.Net.Http.AuthenticationHelper.SendWithAuthAsync(HttpRequestMessage request, Uri authUri, Boolean async, ICredentials credentials, Boolean preAuthenticate, Boolean isProxyAuth, Boolean doRequestAuth, HttpConnectionPool pool, CancellationToken cancellationToken)
   at System.Net.Http.RedirectHandler.SendAsync(HttpRequestMessage request, Boolean async, CancellationToken cancellationToken)
   at GitHub.Services.Common.RawHttpMessageHandler.SendAsync(HttpRequestMessage request, CancellationToken cancellationToken)
   at GitHub.Services.Common.VssHttpRetryMessageHandler.SendAsync(HttpRequestMessage request, CancellationToken cancellationToken)
   at System.Net.Http.HttpClient.<SendAsync>g__Core|83_0(HttpRequestMessage request, HttpCompletionOption completionOption, CancellationTokenSource cts, Boolean disposeCts, CancellationTokenSource pendingRequestsCts, CancellationToken originalCancellationToken)
[2026-10-10 12:09:15Z ERR  BrokerServer] #####################################################
[2026-10-10 12:09:15Z ERR  BrokerServer] System.IO.IOException: Unable to read data from the transport connection: La operación de E/S se anuló por una salida de subproceso o por una solicitud de aplicación..
 ---> System.Net.Sockets.SocketException (995): La operación de E/S se anuló por una salida de subproceso o por una solicitud de aplicación.
   --- End of inner exception stack trace ---
   at System.Net.Sockets.Socket.AwaitableSocketAsyncEventArgs.System.Threading.Tasks.Sources.IValueTaskSource<System.Int32>.GetResult(Int16 token)
   at System.Net.Security.SslStream.EnsureFullTlsFrameAsync[TIOAdapter](CancellationToken cancellationToken, Int32 estimatedSize)
   at System.Runtime.CompilerServices.PoolingAsyncValueTaskMethodBuilder`1.StateMachineBox`1.System.Threading.Tasks.Sources.IValueTaskSource<TResult>.GetResult(Int16 token)
   at System.Net.Security.SslStream.ReadAsyncInternal[TIOAdapter](Memory`1 buffer, CancellationToken cancellationToken)
   at System.Runtime.CompilerServices.PoolingAsyncValueTaskMethodBuilder`1.StateMachineBox`1.System.Threading.Tasks.Sources.IValueTaskSource<TResult>.GetResult(Int16 token)
   at System.Net.Http.HttpConnection.SendAsync(HttpRequestMessage request, Boolean async, CancellationToken cancellationToken)
[2026-10-10 12:09:15Z ERR  BrokerServer] #####################################################
[2026-10-10 12:09:15Z ERR  BrokerServer] System.Net.Sockets.SocketException (995): La operación de E/S se anuló por una salida de subproceso o por una solicitud de aplicación.
[2026-10-10 12:09:15Z WARN BrokerServer] Back off 5,506 seconds before next retry. 4 attempt left.
[2026-10-10 12:09:15Z INFO BrokerMessageListener] Get messages has been cancelled using local token source. Continue to get messages with new status.
[2026-10-10 12:16:29Z INFO Terminal] WRITE LINE: Exiting...
[2026-10-10 12:16:29Z INFO ConfigurationStore] IsServiceConfigured()
[2026-10-10 12:16:29Z INFO ConfigurationStore] IsServiceConfigured: False
[2026-10-10 12:16:29Z INFO HostContext] Runner will be shutdown for UserCancelled
[2026-10-10 12:16:29Z WARN GitHubActionsService] GET request to https://broker.actions.githubusercontent.com/message?sessionId=e65ca551-cc92-4646-9029-076cb736f097&status=Online&runnerVersion=2.337.0&os=Windows&architecture=X64&disableUpdate=false has been cancelled.
[2026-10-10 12:16:29Z ERR  BrokerServer] Catch exception during request
[2026-10-10 12:16:29Z ERR  BrokerServer] System.Threading.Tasks.TaskCanceledException: The operation was canceled.
 ---> System.Threading.Tasks.TaskCanceledException: The operation was canceled.
 ---> System.IO.IOException: Unable to read data from the transport connection: La operación de E/S se anuló por una salida de subproceso o por una solicitud de aplicación..
 ---> System.Net.Sockets.SocketException (995): La operación de E/S se anuló por una salida de subproceso o por una solicitud de aplicación.
   --- End of inner exception stack trace ---
   at System.Net.Sockets.Socket.AwaitableSocketAsyncEventArgs.System.Threading.Tasks.Sources.IValueTaskSource<System.Int32>.GetResult(Int16 token)
   at System.Net.Security.SslStream.EnsureFullTlsFrameAsync[TIOAdapter](CancellationToken cancellationToken, Int32 estimatedSize)
   at System.Runtime.CompilerServices.PoolingAsyncValueTaskMethodBuilder`1.StateMachineBox`1.System.Threading.Tasks.Sources.IValueTaskSource<TResult>.GetResult(Int16 token)
   at System.Net.Security.SslStream.ReadAsyncInternal[TIOAdapter](Memory`1 buffer, CancellationToken cancellationToken)
   at System.Runtime.CompilerServices.PoolingAsyncValueTaskMethodBuilder`1.StateMachineBox`1.System.Threading.Tasks.Sources.IValueTaskSource<TResult>.GetResult(Int16 token)
   at System.Net.Http.HttpConnection.SendAsync(HttpRequestMessage request, Boolean async, CancellationToken cancellationToken)
   --- End of inner exception stack trace ---
   at System.Net.Http.HttpConnection.SendAsync(HttpRequestMessage request, Boolean async, CancellationToken cancellationToken)
   at System.Net.Http.AuthenticationHelper.SendWithNtAuthAsync(HttpRequestMessage request, Uri authUri, Boolean async, ICredentials credentials, Boolean isProxyAuth, HttpConnection connection, HttpConnectionPool connectionPool, CancellationToken cancellationToken)
   at System.Net.Http.HttpConnectionPool.SendWithVersionDetectionAndRetryAsync(HttpRequestMessage request, Boolean async, Boolean doRequestAuth, CancellationToken cancellationToken)
   at System.Net.Http.AuthenticationHelper.SendWithAuthAsync(HttpRequestMessage request, Uri authUri, Boolean async, ICredentials credentials, Boolean preAuthenticate, Boolean isProxyAuth, Boolean doRequestAuth, HttpConnectionPool pool, CancellationToken cancellationToken)
   at System.Net.Http.RedirectHandler.SendAsync(HttpRequestMessage request, Boolean async, CancellationToken cancellationToken)
   at GitHub.Services.Common.RawHttpMessageHandler.SendAsync(HttpRequestMessage request, CancellationToken cancellationToken)
   at GitHub.Services.Common.VssHttpRetryMessageHandler.SendAsync(HttpRequestMessage request, CancellationToken cancellationToken)
   at System.Net.Http.HttpClient.<SendAsync>g__Core|83_0(HttpRequestMessage request, HttpCompletionOption completionOption, CancellationTokenSource cts, Boolean disposeCts, CancellationTokenSource pendingRequestsCts, CancellationToken originalCancellationToken)
   --- End of inner exception stack trace ---
   at System.Net.Http.HttpClient.HandleFailure(Exception e, Boolean telemetryStarted, HttpResponseMessage response, CancellationTokenSource cts, CancellationToken cancellationToken, CancellationTokenSource pendingRequestsCts)
   at System.Net.Http.HttpClient.<SendAsync>g__Core|83_0(HttpRequestMessage request, HttpCompletionOption completionOption, CancellationTokenSource cts, Boolean disposeCts, CancellationTokenSource pendingRequestsCts, CancellationToken originalCancellationToken)
   at Sdk.WebApi.WebApi.RawHttpClientBase.SendAsync(HttpRequestMessage message, HttpCompletionOption completionOption, Object userState, CancellationToken cancellationToken)
   at Sdk.WebApi.WebApi.RawHttpClientBase.SendAsync[T](HttpRequestMessage message, Boolean readErrorBody, Object userState, CancellationToken cancellationToken)
   at Sdk.WebApi.WebApi.RawHttpClientBase.SendAsync[T](HttpMethod method, IEnumerable`1 additionalHeaders, Uri requestUri, HttpContent content, IEnumerable`1 queryParameters, Boolean readErrorBody, Object userState, CancellationToken cancellationToken)
   at GitHub.Actions.RunService.WebApi.BrokerHttpClient.GetRunnerMessageAsync(Nullable`1 sessionId, String runnerVersion, Nullable`1 status, String os, String architecture, Nullable`1 disableUpdate, CancellationToken cancellationToken)
   at GitHub.Runner.Common.BrokerServer.<>c__DisplayClass7_0.<<GetRunnerMessageAsync>b__0>d.MoveNext()
--- End of stack trace from previous location ---
   at GitHub.Runner.Common.RunnerService.RetryRequest[T](Func`1 func, CancellationToken cancellationToken, Int32 maxAttempts, Func`2 shouldRetry)
[2026-10-10 12:16:29Z ERR  BrokerServer] #####################################################
[2026-10-10 12:16:29Z ERR  BrokerServer] System.Threading.Tasks.TaskCanceledException: The operation was canceled.
 ---> System.IO.IOException: Unable to read data from the transport connection: La operación de E/S se anuló por una salida de subproceso o por una solicitud de aplicación..
 ---> System.Net.Sockets.SocketException (995): La operación de E/S se anuló por una salida de subproceso o por una solicitud de aplicación.
   --- End of inner exception stack trace ---
   at System.Net.Sockets.Socket.AwaitableSocketAsyncEventArgs.System.Threading.Tasks.Sources.IValueTaskSource<System.Int32>.GetResult(Int16 token)
   at System.Net.Security.SslStream.EnsureFullTlsFrameAsync[TIOAdapter](CancellationToken cancellationToken, Int32 estimatedSize)
   at System.Runtime.CompilerServices.PoolingAsyncValueTaskMethodBuilder`1.StateMachineBox`1.System.Threading.Tasks.Sources.IValueTaskSource<TResult>.GetResult(Int16 token)
   at System.Net.Security.SslStream.ReadAsyncInternal[TIOAdapter](Memory`1 buffer, CancellationToken cancellationToken)
   at System.Runtime.CompilerServices.PoolingAsyncValueTaskMethodBuilder`1.StateMachineBox`1.System.Threading.Tasks.Sources.IValueTaskSource<TResult>.GetResult(Int16 token)
   at System.Net.Http.HttpConnection.SendAsync(HttpRequestMessage request, Boolean async, CancellationToken cancellationToken)
   --- End of inner exception stack trace ---
   at System.Net.Http.HttpConnection.SendAsync(HttpRequestMessage request, Boolean async, CancellationToken cancellationToken)
   at System.Net.Http.AuthenticationHelper.SendWithNtAuthAsync(HttpRequestMessage request, Uri authUri, Boolean async, ICredentials credentials, Boolean isProxyAuth, HttpConnection connection, HttpConnectionPool connectionPool, CancellationToken cancellationToken)
   at System.Net.Http.HttpConnectionPool.SendWithVersionDetectionAndRetryAsync(HttpRequestMessage request, Boolean async, Boolean doRequestAuth, CancellationToken cancellationToken)
   at System.Net.Http.AuthenticationHelper.SendWithAuthAsync(HttpRequestMessage request, Uri authUri, Boolean async, ICredentials credentials, Boolean preAuthenticate, Boolean isProxyAuth, Boolean doRequestAuth, HttpConnectionPool pool, CancellationToken cancellationToken)
   at System.Net.Http.RedirectHandler.SendAsync(HttpRequestMessage request, Boolean async, CancellationToken cancellationToken)
   at GitHub.Services.Common.RawHttpMessageHandler.SendAsync(HttpRequestMessage request, CancellationToken cancellationToken)
   at GitHub.Services.Common.VssHttpRetryMessageHandler.SendAsync(HttpRequestMessage request, CancellationToken cancellationToken)
   at System.Net.Http.HttpClient.<SendAsync>g__Core|83_0(HttpRequestMessage request, HttpCompletionOption completionOption, CancellationTokenSource cts, Boolean disposeCts, CancellationTokenSource pendingRequestsCts, CancellationToken originalCancellationToken)
[2026-10-10 12:16:29Z ERR  BrokerServer] #####################################################
[2026-10-10 12:16:29Z ERR  BrokerServer] System.IO.IOException: Unable to read data from the transport connection: La operación de E/S se anuló por una salida de subproceso o por una solicitud de aplicación..
 ---> System.Net.Sockets.SocketException (995): La operación de E/S se anuló por una salida de subproceso o por una solicitud de aplicación.
   --- End of inner exception stack trace ---
   at System.Net.Sockets.Socket.AwaitableSocketAsyncEventArgs.System.Threading.Tasks.Sources.IValueTaskSource<System.Int32>.GetResult(Int16 token)
   at System.Net.Security.SslStream.EnsureFullTlsFrameAsync[TIOAdapter](CancellationToken cancellationToken, Int32 estimatedSize)
   at System.Runtime.CompilerServices.PoolingAsyncValueTaskMethodBuilder`1.StateMachineBox`1.System.Threading.Tasks.Sources.IValueTaskSource<TResult>.GetResult(Int16 token)
   at System.Net.Security.SslStream.ReadAsyncInternal[TIOAdapter](Memory`1 buffer, CancellationToken cancellationToken)
   at System.Runtime.CompilerServices.PoolingAsyncValueTaskMethodBuilder`1.StateMachineBox`1.System.Threading.Tasks.Sources.IValueTaskSource<TResult>.GetResult(Int16 token)
   at System.Net.Http.HttpConnection.SendAsync(HttpRequestMessage request, Boolean async, CancellationToken cancellationToken)
[2026-10-10 12:16:29Z ERR  BrokerServer] #####################################################
[2026-10-10 12:16:29Z ERR  BrokerServer] System.Net.Sockets.SocketException (995): La operación de E/S se anuló por una salida de subproceso o por una solicitud de aplicación.
[2026-10-10 12:16:29Z WARN BrokerServer] Back off 11,571 seconds before next retry. 4 attempt left.
[2026-10-10 12:16:29Z INFO BrokerMessageListener] Get next message has been cancelled.
[2026-10-10 12:16:29Z INFO JobDispatcher] Shutting down JobDispatcher. Make sure all WorkerDispatcher has finished.
[2026-10-10 12:16:29Z INFO JobDispatcher] Ensure WorkerDispatcher for job e239ffc0-cf5a-5c83-b9c3-fe5763e1a511 run to finish, cancel any running job.
[2026-10-10 12:16:29Z INFO JobDispatcher] Job request e239ffc0-cf5a-5c83-b9c3-fe5763e1a511 processed succeed.
[2026-10-10 12:16:29Z INFO Runner] Deleting Runner Session...
[2026-10-10 12:16:30Z INFO Listener] Runner execution been cancelled.
